family,component_or_path,production_mechanism,production_evidence,twin_mechanism,twin_file,verdict_today,target_tier,controls,what_differs,fix_from_repo_alone,external_artifact_needed,lane
api_monolith,create_fta/{id} payout lookup,Direct 2nd-MySQL-connection SELECT into PS's own DB by payout id (getPayoutsServiceConnection),api/app/Models/Payout/Repository.php:5313-5323; Core.php:8461-8530,"Brute-force: mint a passport per seeded merchant, GET PS /v1/payouts/pout_{id} until one answers 200",ENV2_COMPOSE/substitutes/monolith-stub/server.py:276-293,REPRESENTATIVE,CONTRACT-FAITHFUL SUBSTITUTE,"tenant,routing",Cost (O(n) mint+HTTP vs O(1) SQL); determinism (loops/404s on unseeded merchant vs always resolves); passport mint invoked in twin but never in prod for this route,yes,none,01
api_monolith,create_fta FTS request body,"Full FundTransfer::makeRequestUsingType — product/purpose branching, merchant_category, request_meta, MCC, onboarded_time, 2FA block, is_batch","api/app/Models/Payout/Initiator.php (FundTransfer::makeRequestUsingType, not fully re-read this pass)","Minimal fixed body: product, merchant_id, transfer.{amount,source_id,source_type,preferred_mode[,preferred_source_account_id]}, account.fund_account_id",ENV2_COMPOSE/substitutes/monolith-stub/server.py:306-320,REPRESENTATIVE,CONTRACT-FAITHFUL SUBSTITUTE,routing,"Missing narration, initiate_at, preferred_channel, merchant_category, request_meta, 2FA — irrelevant to golden-path status transitions but matters for FTS-side routing/channel-selection tests",yes,none,01
api_monolith,create_fta sync-then-async-fallback on FTS timeout,"1s sync timeout, swallow-and-requeue via Initiator, response still success-shaped",api/app/Models/Payout/Initiator.php (not opened in full this pass; behaviour per prior finding + doc-comment cross-check),Any non-200/201 FTS response treated as hard visible error in own return,ENV2_COMPOSE/substitutes/monolith-stub/server.py,INCORRECT,CONTRACT-FAITHFUL SUBSTITUTE,"payout_state,merchant_visible_state","Twin surfaces failures production hides from PS (safer-than-production, not faithful); a test asserting 'PS sees an error when FTS is slow' would pass in twin, fail against real behaviour",partial,"read of Initiator.php + its queue worker (in-repo, unread this pass — budget gap not a genuine repo gap)",01
api_monolith,update_fts_fund_transfer status/detail relay,"Details-then-status ordering, exact field sets, single-attempt no-retry, per-account-type/channel FAILED map","api/app (§2 of lane01 report, route-level; PayoutService relay classes)","Same ordering, same field sets, single-attempt PATCH+POST, same simplified FAILED map (direct→failed else→reversed)",ENV2_COMPOSE/substitutes/monolith-stub/server.py,CONTRACT-FAITHFUL,CONTRACT-FAITHFUL SUBSTITUTE,"payout_state,transfer_state,reversal","Only channels outside {RBL,ICICI,AXIS,YESBANK,IDFC} on a DIRECT balance would diverge; arena only ever seeds RBL so gap is dormant",yes,none,01
api_monolith,dual_write,"Queue-backed, 5 retries, response {""status"":""success""}, PS→monolith-local-table upsert direction",api/app/Models/Payout/Core.php:10273,"Synchronous log-sink, response {""status"":""queued""}, optional forced-fail mode",ENV2_COMPOSE/substitutes/monolith-stub/server.py,REPRESENTATIVE,CONTRACT-FAITHFUL SUBSTITUTE,"idempotency,repair","Response field value wrong (""queued"" vs ""success""); no async/retry semantics; no local-table write exists to observe divergence against (twin has no monolith payouts table)",yes,none,01
api_monolith,source_update,"Async queue dispatch to downstream source-subscribers, unconditional {""sources_updated"":true}","api/app (§2, route-level; class not fully re-read)","Synchronous log-sink, same literal response",ENV2_COMPOSE/substitutes/monolith-stub/server.py,CONTRACT-FAITHFUL,CONTRACT-FAITHFUL SUBSTITUTE,none,Response shape only; no async side-effect modeled (none to diverge on),yes,none,01
api_monolith,status_details_source_update,Returns list of subscriber/source types notified,"api/app (§2, route-level)",Echoes the request's own source_id values back,ENV2_COMPOSE/substitutes/monolith-stub/server.py,INCORRECT,CONTRACT-FAITHFUL SUBSTITUTE,none,"Field values are semantically wrong, not just simplified",yes,none,01
api_monolith,deduct_credits,"Stateful, idempotent, can reduce fees/tax via real credit ledger","api/app (§2/§3, Credits subsystem, not fully re-read)","Static echo, credits_used always false",ENV2_COMPOSE/substitutes/monolith-stub/server.py,INCORRECT,CONTRACT-FAITHFUL SUBSTITUTE,"fees,idempotency,balance",No statefulness/idempotency; no fee/tax reduction possible for credit-based-fee-waiver test paths,partial,"Credits subsystem contract (in-repo, not fully read this pass)",01
api_monolith,reverse_credits,"Idempotent, validated (5 required fields)",api/app (§2),"Unconditional success, no validation",ENV2_COMPOSE/substitutes/monolith-stub/server.py,REPRESENTATIVE,CONTRACT-FAITHFUL SUBSTITUTE,balance,"No idempotency guard, no field validation",yes,none,01
api_monolith,fetch_pricing_info,"7 required fields incl. channel/method/amount, real pricing engine",api/app/Models/Payout/Validator.php:666-679,"4 fields read, static per-(merchant,mode) plan lookup",ENV2_COMPOSE/substitutes/monolith-stub/server.py,REPRESENTATIVE,CONTRACT-FAITHFUL SUBSTITUTE,"fees,balance",Channel/method/amount-sensitive pricing not reproducible; structurally impossible to trigger since fields aren't read,yes,none,01
api_monolith,decrement_free_payouts,"Keyed by balance_id, null-return for non-banking balances","api/app (§2; CounterHelper class, not located by name this pass)","Keyed by merchant_id, no balance-type branch",ENV2_COMPOSE/substitutes/monolith-stub/server.py,REPRESENTATIVE,CONTRACT-FAITHFUL SUBSTITUTE,balance,Counter identity key differs; could double-count across a merchant's multiple balances,partial,"CounterHelper::fetchCounterAndDecreaseFreePayoutsConsumed exact response shape (in-repo, unread this pass)",01
api_monolith,"free_payout_rollback, payouts_service/create, payouts_service/create_ledger","Exist as routes, not modeled by twin","api/app/Http/Route.php (route table, §2)",No route registered,ENV2_COMPOSE/substitutes/monolith-stub/server.py,MISSING,MISSING,none,Entire endpoints absent; low materiality unless golden run exercises migration/ledger-entry tooling via these paths,yes,none,01
api_monolith,internal/merchants/{id},"Rich response, but PS parses only merchant+merchant_detail (2 nested objects, ~20 fields total)",api/app/Http/Route.php:19404-19405 (allowlist); UserController.php,Seed JSON matches those ~20 fields exactly; adds extra top-level keys PS ignores,ENV2_COMPOSE/seeds/monolith/misc.json,CONTRACT-FAITHFUL,CONTRACT-FAITHFUL SUBSTITUTE,tenant,"Extra unused fields are inert, not a real drift for PS",yes,none,01
api_monolith,internal_balances_queued,"Local balance table, synced from ledger by an unread journal-created consumer","finding 20 §9 (Merchant\Balance\Service::fetchBalancesForBalanceIds, not independently re-read this pass)",Reads ledger-api directly (documented substitution),ENV2_COMPOSE/substitutes/monolith-stub/server.py:329-338,REPRESENTATIVE,CONTRACT-FAITHFUL SUBSTITUTE,balance,Freshness/consistency semantics of the real journal-consumer are unknown and unmodeled either way (self-disclosed by stub's own comment),partial,journal-created consumer behaviour (unread/unconfirmed by any report so far),01
api_monolith,"actor_info_internal, users_internal","Exist (multiple_users_fetch_internal, fetch_actor_info_internal), allowlisted for PS, dynamic role/entity derivation","api/app/Http/Route.php:2896,2963,19379-19426; UserController.php:413-418,847-854; User/Service.php:3461-3469,5373-5397","Exist in stub, static fixed-role seed data",ENV2_COMPOSE/substitutes/monolith-stub/server.py,REPRESENTATIVE,CONTRACT-FAITHFUL SUBSTITUTE,none,"Role derivation mechanism, not just data volume",yes,none,01
api_monolith,banking_account_statement/payout_update (inbound BAS recon),"Exists, PS-only caller, FAILED-local→reverse / PS-owned→forward","api/app (§2, route-level)",No route in stub,ENV2_COMPOSE/substitutes/monolith-stub/server.py,MISSING,CONTRACT-FAITHFUL SUBSTITUTE,reversal,Entire endpoint absent,yes,none,01
api_monolith,payouts_service/* auth,"Static per-service HTTP Basic Auth, no merchant header",api/app/Http/Route.php ($internalApps['payouts_service'] block),"No merchant header for these routes' auth either; only create_fta PS-lookup workaround mints a passport, which production never does here",ENV2_COMPOSE/substitutes/monolith-stub/server.py:276-293,CONTRACT-FAITHFUL,CONTRACT-FAITHFUL SUBSTITUTE,"auth,tenant","The mint step is pure arena workaround machinery, not a production auth step (auth mechanism itself is faithful)",yes,none,01
api_monolith,Monolith ingress POST /v1/payouts,"PayoutController::postFundAccountPayout — auth, IP filter, idempotency, Splitz direct-gate, classic validations, proxy to PS","api/app/Http/Controllers/PayoutController.php; api/app/Services/PayoutService/Create.php:133-186,208-219",kong-lite mints a passport JWT directly from merchant-key Basic-Auth lookup and routes straight to payouts-api:9400,ENV2_COMPOSE/substitutes/kong-lite/server.py,MISSING,CONTRACT-FAITHFUL SUBSTITUTE,"auth,idempotency,balance,routing","No middleware stack at all: no IP filter, no idempotency_keys table/mutex/replay, no Splitz gate, no classic validations, no Shield, no fund-account/contact/pricing enrichment",yes,none,02
api_monolith,Public-API idempotency (idempotency_keys),"idempotency_keys table, (idempotency_key, merchant_id) unique, mutex+hash-compare, cached-response replay","api/app (Repository.php, §2 of lane02 report)",None — kong-lite has no idempotency concept,ENV2_COMPOSE/substitutes/kong-lite/server.py,MISSING,CONTRACT-FAITHFUL SUBSTITUTE,idempotency,Twin relies entirely on whatever idempotency PS itself enforces on /v1/payouts root; monolith's client-facing dedup/replay semantics untested,yes,none,02
api_monolith,Splitz direct-cutover gate (DirectToPayoutsServiceGate),shouldDivert() — live-mode/app-auth/body-mid/Splitz checks,"api/app/Services/PayoutService/Create.php:133-186,208-219","Twin always goes 'direct,' unconditionally, for every request",ENV2_COMPOSE/substitutes/kong-lite/server.py,MISSING,CONTRACT-FAITHFUL SUBSTITUTE,routing,Twin cannot exercise the classic (business-logic-first) path at all; only the always-diverted shape is tested,yes,none,02
dashboard_bff,"Dashboard-originated create/approve/reject/bulk (payouts_with_otp, payouts/{id}/approve, /reject, /approve|reject/bulk)","dashboard PHP proxy (ApiRequestAny) mints rzp_<mode>_<mid>+shared-secret Basic-Auth and X-Dashboard-User-* headers from Laravel session; monolith enforces finance_l1/l2/l3 role, mandatory OTP (Raven)",dashboard/app/Admin/ApiRequestAny.php:141-503,None,n/a,MISSING,REPRESENTATIVE SUBSTITUTE,"auth,tenant,approval","No dashboard, no session, no role enforcement, no OTP at all",yes,none,02
api_monolith,ICICI 2FA (payouts/2fa/*),"FTS-issued OTP, pending-then-approve state machine",api/app (§2 route-level; no independent caller located in-repo),None,n/a,MISSING,REPRESENTATIVE SUBSTITUTE,approval,Entire OTP state machine absent,partial,"caller identification for payouts/2fa/create[_internal], /send_otp, payouts_internal_direct (no caller found in any of 13 repos read)",02
api_monolith,"Admin/repair (admin/payouts/cancel, manual_action, manual/status[/batch], retry, workflow_retry)","admin-dashboard SPA → PG proxy (RZP-SSO, Auth::guard('api')) → AdminAccess::policyChecker (local role→permission DB) → monolith Core/PS-fallback per-route",api/app (AdminAccess.php:117; §2/§3 route-level),None,n/a,MISSING,CONTRACT-FAITHFUL SUBSTITUTE,"approval,repair,payout_state,transfer_state","No admin auth model, no repair tooling, no local↔PS split logic exercised",yes,none,02
batch,Bulk create (payouts/bulk via Batch),"Batch payout.json → monolith-edge-domain Basic-Auth-proxy call → PS CreateBulkPayouts[Concurrent], bulk_idempotency_keys table",batch/src/main/resources/payout.json; api/app/Models/Payout/Service.php,"None — twin's verifier calls PS directly, single-payout only; no batch/chunking/idempotency-key-derivation path exercised",n/a,MISSING,CONTRACT-FAITHFUL SUBSTITUTE,"idempotency,routing","No Batch service, no CSV staging, no chunked bulk call, no per-row idempotency-key derivation (""batch_""+BatchEntry.id)",yes,none,02
batch,Bulk approve (payout_approval.json → monolith payouts/bulk_approve),"Monolith-internal, X-Batch-Id-gated, reuses Core::approvePayout (same core method ordinary approvals use); three-hop chain: Batch→monolith payouts/bulk_approve→Core::approvePayout→(for PS-owned rows) PS payouts_internal/{id}/approve","batch/src/main/resources/payout_approval.json:66; api/app/Models/Payout/Service.php:3539-3670; repo-wide grep of payouts repo for bulk_approve (zero hits, confirms no PS route)",None,n/a,MISSING,CONTRACT-FAITHFUL SUBSTITUTE,approval,"No batch-triggered bulk-approve modeled at all; ARCHITECTURE_DELTA.md's prior claim that this bypasses WFS and hits PS directly is a CORRECTION — it hits the monolith, not PS",yes,none,02
workflow_service,Workflow Service (approval state machine),"Cadence-backed WFS, Twirp ActionAPI, callbacks to payouts_internal/{id}/approve|reject","api/app/Models/Payout/Service.php:1320-1353,1507-1552,6802-6811",None,n/a,MISSING,REAL (Cassandra+Cadence+MySQL+api+workers) when approval family in scope; else CONTRACT-FAITHFUL SUBSTITUTE,"approval,routing",Twin has no multi-step/maker-checker workflow at all; the verifier's payouts are never workflow-gated,yes,none,02
api_monolith,PS-callback surface aggregate (monolith-stub subset),"Monolith routes, payouts_service-credential-allowlisted: fetch_pricing_info, dual_write, source_update, mail_and_sms, create_fta, update_fts_fund_transfer, internal_merchants, fund_accounts_internal, on_hold_slas_internal, internal_balances_queued",payouts/pkg/api/*.go DTOs (per stub's own CONTRACT.md),monolith-stub implements exactly this subset,ENV2_COMPOSE/substitutes/monolith-stub/server.py; ENV2_COMPOSE/substitutes/monolith-stub/CONTRACT.md,CONTRACT-FAITHFUL,CONTRACT-FAITHFUL SUBSTITUTE,"routing,balance","Two routes (actor_info_internal, users_internal) explicitly marked not-confirmed-real by the stub's own docs (see lane 01 per-route detail rows for exact per-route verdicts)",yes,none,02
api_monolith,is_payout_service / read-fallback migration state,Monolith PS-first-with-local-fallback Repository pattern; PS's AppDB→ApiDB(hardcoded off)→TiDB chain,"api/app/Models/Payout/Repository.php:216-256,411-427,7474-7491,7555-7580; payouts/internal/helpers/apidb.go:23-25; payouts/internal/app/payouts/fetch_orchestrator/strategies/fetch_by_id_strategy.go:21-53","Not modeled — twin has no local monolith payouts table at all, and PS's fetch-orchestrator fallback chain is untested",n/a,MISSING,CONTRACT-FAITHFUL SUBSTITUTE,"routing,payout_state","Legacy read-path fallback entirely absent from twin (low priority: default behaviour is PS-only, no DB, per this pass's tracing)",yes,none,02
edge_kong_passport,Kong reverse proxy,"Kong OSS + Lua plugin chain (basic-auth-x, consumer-authentication, impersonation-grant, upstream-jwt, authz-enforcer, ip-restriction-x, user-auth), declarative Terraform config, priority-ordered handlers","terraform-kong/prod/api/api.tf:2291-2296,2968-2973",single-file Python http.server reverse proxy,ENV2_COMPOSE/substitutes/kong-lite/server.py,REPRESENTATIVE,CONTRACT-FAITHFUL SUBSTITUTE,"auth,tenant,routing","No real Kong runtime, no plugin priority chain, no consumer/DB-backed auth, no rollout percentages, no ip-restriction-x/rate-limiting (off in prod anyway), no impersonation-grant (X-Razorpay-Account) handling at all — mints only consumer.type=merchant passports",yes,none,03
edge_kong_passport,Passport minting (Edge upstream-jwt),"Edge upstream-jwt Lua plugin, RS256, hardcoded 300s TTL, full claim schema","edge/ (upstream-jwt plugin, per lane03 §2)","kong-lite/server.py:_mint_passport_jwt — pure-stdlib RS256 signer, same claim shape for private/merchant-API-key case only",ENV2_COMPOSE/substitutes/kong-lite/server.py,CONTRACT-FAITHFUL,CONTRACT-FAITHFUL SUBSTITUTE with all four passport shapes and keys-table indirection,"auth,tenant","Only mints the consumer.type=merchant shape; never mints impersonation, oauth, admin, or identification-only (both-false) shapes — those auth flows have no twin coverage at all",yes,none,03
edge_kong_passport,Passport verification (PS side),"goutils/passport/v3, static per-kid public key map, loaded from [passport.api]/[passport.edge] TOML",payouts/pkg/passport/handler.go:1-58; payouts/go.mod (goutils/passport/v3),"Real payouts binary running against twin's arena.toml [passport.edge] identifier=""arena-passport-1""",ENV2_COMPOSE/config/templates/base/payouts/arena.toml:442-448,REAL,REAL,auth,None on the verification side — kong-lite's kid (arena-passport-1) is provisioned to match the real config exactly,yes,none,03
authz,AuthZ enforcer,"authz service + Casbin + Consul-watch, shadow_mode per route, real policy CSVs","authz repo (Casbin/Consul integration, per lane03 §4)",Not present in ENV2 substitutes list at all (no authz-stub/casbin substitute),n/a,MISSING,MISSING (correct for PS-direct twin); only if dashboard role enforcement is tested: in-process goutils/authz mock adapter with seeded xplatform policies,approval,"Correctly omitted since PS itself never calls AuthZ (confirmed); if dashboard-merchant surface (payouts_with_otp, shadow_mode=false, enforced) is ever tested, a real authz+Consul or goutils/authz adapter.NewMockAdapter() in-process pattern would be needed",yes,none,03
payouts_service,Service Basic-Auth ([auth.*] sections),Static per-caller username/password pairs in payouts TOML,"payouts/config (per-caller [auth.*] sections, per lane03 §2)","arena.toml:114-153 mirrors every section 1:1, secrets templated from gen-secrets.sh-generated files",ENV2_COMPOSE/config/templates/base/payouts/arena.toml:114-153,REAL,REAL,auth,None structural; [auth.dashboard]/[auth.reminder] carried forward even though confirmed unwired in the real router too (twin fidelity here is accidentally correct),yes,none,03
payouts_service,PS shadow-gateway ([shadow_gateway]),"Config-driven, disabled by default in prod (default.toml:978), one pilot route enabled in devstack","payouts/config/default.toml:978; payouts/internal/routing/shadowgateway/middleware.go:14-18,91-96","arena.toml:1026-1040 — enabled=false, identical structure to default.toml, no routes onboarded",ENV2_COMPOSE/config/templates/base/payouts/arena.toml:1026-1040,CONTRACT-FAITHFUL,REAL,routing,"Twin never exercises the enabled/pilot-route state (devstack's [shadow_gateway.routes.""get /v1/payouts/schedule/timeslots""]) — acceptable since that pilot fails safe to proxy on any error",yes,none,03
payouts_service,Idempotency key handling (X-Payout-Idempotency),"PS-side Redis mutex + request-hash replay-safety, X-Payout-Idempotency header, feature-flagged enforcement","payouts/ (per lane03 §2, Redis mutex logic)","Not examined in ENV2 substitutes (PS-internal logic, runs unmodified in the real payouts-api binary)",n/a (real payouts binary),REAL,REAL,idempotency,"None — this logic isn't part of any substitute, it's the real payouts service; enforcement is feature-flagged off by default in every environment this clone shows",yes,none,03
edge_kong_passport,keys table / API-key format,"14-char group is a random base62 key id independent of merchant id (Key::generateUniqueId, 4x random_bytes(4) base62); merchant id recovered only via keys table's merchant_id FK column","api/app/Models/Key/Entity.php:261-282,308; api/database/migrations/2014_04_23_221828_create_keys.php:19-38",Embeds the merchant id directly in the key suffix (rzp_test_ARENAM00000001),ENV2_COMPOSE/seeds/merchants.json:1-24,REPRESENTATIVE,CONTRACT-FAITHFUL SUBSTITUTE with keys-table indirection,"auth,tenant","Real key ids carry no merchant-id information; a real Kong/monolith would need a keys-table lookup — twin's embedding is a simplification, should not be presented as how real API keys work",yes,none,03
payouts_service,Status enum/transition table (13-event FSM),"13-event FSM in pkg/transition, state_machine.go",payouts/pkg/transition/state_machine.go,Same compiled Go binary run unmodified — not separately re-verified this pass but identical code,n/a (real payouts binary),REAL,REAL,"payout_state,transfer_state",None expected — same Go binary,yes,none,04
payouts_service,payout_logs / payout_status_details sub-models,Generated by OnEvent + FTS webhook handlers,payouts/internal/database/migrations/20211026104754_create_payout_status_details_table.go:13,Same code path; golden run V14 ('no illegal transitions in payout_logs') PASSED,n/a (real payouts binary),REAL,REAL,"payout_state,idempotency",None found,yes,none,04
payouts_service,Merchant config source,"Splitz-gated monolith-vs-ASV+DCS, 30-min Redis cache",payouts/pkg/dcs/features/features.go:75-133,"arena.toml seeds DCS fixtures with correct key format (rzp/x/merchant/payouts/{Workflows,FundTransfer,ApiInterface,direct_accounts/Configs,...}), 3 merchant profiles (M1 shared, M2 direct/RBL w/ in_flight_reservation_enabled=true, M3 shared/workflow)",ENV2_COMPOSE/seeds/dcs/*.json; ENV2_COMPOSE/config/templates/base/payouts/arena.toml,CONTRACT-FAITHFUL,CONTRACT-FAITHFUL SUBSTITUTE,"routing,approval","Only 3 merchants seeded vs. the real merged monolith+ASV+DCS+API-DB-features 4-way merge; merchant_config_via_asv_and_dcs_experiment seeded as a literal string ID, not the real Splitz experiment ID — cosmetic, resolved by name in the stub",partial,Sanitized DCS Get dump for 3-5 representative real merchant ids across the 28 fields,04
splitz,"Splitz experiments (SplitzExperimentList, 38 fields)","38-field SplitzExperimentList, error/timeout → hardcoded false (fail to 'off'); prod payouts config/prod.toml:442 sets [splitz] client_side_eval=false (server-side Evaluate)",payouts/config/prod.toml:442; payouts/pkg/dcs/features (SplitzExperimentList),"splitz_fixtures.json seeds only 8 named experiments; splitz-stub's own default for any UNSEEDED experiment ID/name is ""on"" (DEFAULT_VARIANT=""on""); arena config template sets client_side_eval=true (wrong vs prod's false)",ENV2_COMPOSE/seeds/splitz/splitz_fixtures.json; ENV2_COMPOSE/config/templates/base/payouts/arena.toml,INCORRECT,"CONTRACT-FAITHFUL SUBSTITUTE: arena client_side_eval=false; seeded Evaluate per (experiment, merchant); unseeded default ""off""","routing,approval,fees,tenant,payout_state","Production's fail-safe on error is off; twin's fail-safe on absence is on — silently enables ~30 unramped features/experiments off in prod. VERIFIED FIX: the correct fix is arena config (client_side_eval=false) + seeded Evaluate responses, not FetchDecisionContext (per config/prod.toml:442 vs arena template's true)",yes,"sanitized export of {experiment_id/name: current_variant} for the 38 fields, or confirmation that off is the safe universal default",04
dcs,DCS reachability,"gRPC+grpc-gateway KVService, pkg/dcs/client.go GenerateOptions (goutils/dcs@v1.7.3 login-host resolution ignores ServerURL when exactly one Mode is configured)",payouts/pkg/dcs/client.go (GenerateOptions),"dcs-stub is spec-complete; arena applies a build-time module-replace patch so GetContextUrl returns ARENA_DCS_URL for every call (both login and per-request DCS calls), not just login","ENV2_COMPOSE/build/arena-patches/goutils-dcs-v1.7.3/dcs.go:111,180-186,192",REAL,"CONTRACT-FAITHFUL SUBSTITUTE (dcs-stub); keep substitute, document patch; real DCS optional","routing,approval,balance","CORRECTED: earlier read of this row (and lane 10's inference) treated per-request DCS calls as unreachable through the patch; verified against build/arena-patches/goutils-dcs-v1.7.3/dcs.go:111,180-186,192 the patch makes GetContextUrl return ARENA_DCS_URL for every call, so DCS reachability itself is REAL-patched, not a residual gap",yes,none,04
payouts_service,In-flight reservation,"Redis-only counter+items keys, Lua Reserve, 5-min reconciler cron rebuilding from DB truth + fail-closed heartbeat","payouts/internal/app/payouts (reservation package, Lua Reserve script)","GET /v1/inflight_reservations inspection route exists and is called directly by verifier V12; but the reconciler cron is never driven by the twin's cron-driver (path mismatch: driver calls /v1/cron/reservation_reconcile, real route is /process_inflight_reservation_reconciliation)",ENV2_COMPOSE/scripts/cron-driver/driver.py,INCORRECT,REAL — fix cron-driver path + seeded Splitz,balance,"V12 fails; CORRECTED root cause per verified facts: reservation reconciler heartbeat never gets set because cron-driver hits the wrong path (fails closed), and/or the Splitz-gated config path (client_side_eval) — not DCS reachability, which is REAL-patched (see DCS reachability row above)",yes,none,04
cron_fastcron,Cron routes (/v1/cron/*),24 exact /v1/cron/* paths,"payouts/internal/routing/router (cron route table, §6)",scripts/cron-driver/driver.py drives most of them but with 3 confirmed path mismatches and 1 missing,ENV2_COMPOSE/scripts/cron-driver/driver.py,INCORRECT,"fix paths, add batch_submitted + fund_management_payouts/check, label cadence ASSUMED until FastCron export","payout_state,balance,repair","driver.py calls /v1/cron/process_on_hold_payouts (real: /process_beneficiary_bank_on_hold_payouts), /v1/cron/reservation_reconcile (real: /process_inflight_reservation_reconciliation), /v1/cron/process_dual_write_failures (real: /payouts_dual_write_failure_processing) — all 404 against the real binary and silently never fire; /process_batch_submitted_payouts is not driven at all, so NEFT/RTGS bulk rows never leave batch_submitted via cron in the arena",yes,none,04
payouts_service,Queued low-balance dequeue,6h updated_at filter on monolith's balance table (via db.api) + live GET /internal_balances_queued,"payouts/ (dequeue job, per lane04 §; ENV2_BUILD_STATUS.md)",V24's cron-endpoint-direct-call (bypassing cron-driver) still fails: PS's dequeue reads the monolith VA balance (stub→ledger) and API-DB balance.updated_at,ENV2_COMPOSE/substitutes/monolith-stub/server.py,INCORRECT,CONTRACT-FAITHFUL SUBSTITUTE,"balance,payout_state","The monolith-stub's balance response and/or the balance.updated_at freshness are not kept in step with what a real top-up would produce — twin-specific gap, separate from the cron-driver mismatches above",yes,none,04
ledger,Ledger payout_processed/payout_reversed account discovery (fts_fund_account_id/fund_account_type),"Identifiers sourced verbatim from the FTS webhook payload, must match a pre-registered Ledger account","payouts/ (FTS webhook handler, per lane04/07)","ledger.sql correctly pre-seeds FTS-nodal accounts keyed by fts_fund_account_id 900001 (shared M1/M3) / 900002 (direct M2), matching fts.sql's seeded source_account_ids; lowercase ""nodal"" matches strings.ToLower",ENV2_COMPOSE/seeds/ledger/ledger.sql,CONTRACT-FAITHFUL,REAL with corrected seeds,"balance,reversal",This specific identifier-alignment concern is NOT the cause of V06/V18 failures; ledger_config rule rows (XPayoutInitiatedV2/XPayoutProcessedV2) noted in-seed as producing zero entries and bypassed via LedgerConfigAPI/CreateInBulk in scripts/up.sh instead — not re-verified this pass,partial,schema-only export of real ledger_config rows for 4-6 payout-relevant transactor events,04
payouts_service,FTS Kafka ingestion (topic names),"Two consumers, exact topic names rx-fts-status-update-events/rx-fts-status-update-retry-events",payouts/config/prod.toml (kafka consumer topic names),Not independently re-verified against the arena's Kafka container topics this pass,n/a,UNKNOWN-BLOCKED,REAL end-to-end (enable fts producer + Splitz on for a merchant),"payout_state,transfer_state",Unknown — not re-verified in twin's own Kafka containers this pass,yes,none,04
payouts_service,"Bulk/admin/approval routes (/v1/payouts/bulk, ManualAction, bulk_approve)","15-row-limit /v1/payouts/bulk, 3-case ManualAction, no bulk_approve route in this repo","payouts/internal/controllers/adminClientController.go:267-356 (ManualAction switch, exhaustive); payouts/internal/routing/router (no bulk_approve route, exhaustive grep)",Not exercised by the golden run's 24 verifiers (none target bulk/admin),n/a,UNKNOWN-BLOCKED,"REAL (routes exist, code-confirmed) — untested by current golden run","approval,repair",Untested in twin; CORRECTION: ARCHITECTURE_DELTA.md's claim that Batch calls POST payouts/bulk_approve directly on PS is wrong — no such route exists in payouts at this commit (see lane 02 correction: it hits the monolith's own payouts/bulk_approve instead),yes,none,04
cron_fastcron,Cron cadence (FastCron SaaS),"FastCron SaaS, external, cadence not in any repo",n/a — architecturally external,seeds/s4/cron_schedule.yaml presumably encodes an assumed cadence for cron-driver's own scheduling,ENV2_COMPOSE/seeds/s4/cron_schedule.yaml,REPRESENTATIVE,label cadence ASSUMED until FastCron export,"payout_state,balance","Not the real FastCron cadence, which cannot be reconstructed from any accessible repo",no,Export of the FastCron job definitions for the payouts service (cron expression per endpoint),04
payouts_service,payouts core tables (34 goose migrations),"34 goose migrations, payouts DB, incl. out-of-band beneficiary_bank_code (deliberate payouts-service-only column, never in monolith)","payouts/internal/database/migrations (51-commit gh history); api/app/Models/Payout/DualWrite/PayoutDetails.php:10-13,63-64",ENV2_COMPOSE runs real goose migrations against mysql-payouts + seeds/schema-patches/payouts.sql for beneficiary_bank_code,ENV2_COMPOSE/seeds/schema-patches/payouts.sql,REAL,REAL,"idempotency,payout_state,merchant_visible_state","Patch's type (VARCHAR(50) NULL) is INFERRED, not confirmed against prod",partial,"SHOW CREATE TABLE payouts.payout_details (schema-only, no rows)",05
fts,fts core tables (55 goose migrations),"55 goose migrations, fts DB, 2 known enum gaps (WALLET_TRANSFER, INDUSIND)",fts/internal/database/migrations (fts.mysql.sql header),"Twin seeds seeds/s4/fts.sql directly into fts-local tables (bank_accounts, fund_accounts, source_accounts, ...); does not pre-seed transfers/attempts (populated at runtime)",ENV2_COMPOSE/seeds/s4/fts.sql,REAL,REAL,"transfer_state,reversal","If twin ever needs mode='WALLET_TRANSFER' or channel='INDUSIND' end-to-end, tracked-migration schema would reject/accept inconsistently with fts's own Go code",yes,none,05
ledger,ledger core tables (51 Postgres goose migrations),"51 Postgres goose migrations, no unique constraint on journal dedup key (genuine production characteristic, not a bug)",ledger/internal/database/migrations,"seeds/s4/ledger.sql (SQL fallback) or ledger_accounts_via_api.sh (Twirp API, recommended per its own header)",ENV2_COMPOSE/seeds/s4/ledger.sql; ENV2_COMPOSE/scripts/ledger_accounts_via_api.sh,REAL,REAL,"balance,reversal","Twin seed file flags an open TODO on paise-vs-rupee unit convention (ledger.sql:18-21) — orthogonal to schema, not a schema drift",yes,none,05
cfa,"cfa collections (contacts, fund_accounts)","Go-code-only schema, DocumentDB in prod, no unique indexes, no $jsonSchema","cfa (Go models, no migration files; DocumentDB engine per infra)","seeds/mongo/cfa_seed.js — direct mongosh insert, hand-computed SHA3-256 hashes, explicitly notes 'MongoDB enforces zero uniqueness here'",ENV2_COMPOSE/seeds/mongo/cfa_seed.js,REPRESENTATIVE,REAL,tenant,"DocumentDB vs MongoDB engine-level behavior gaps (aggregation operators, $jsonSchema support, TTL indexes) are unavoidable in a local twin",partial,cfa DocumentDB engine version (Terraform var / AWS console value); index list export for hash_lookup/tokenized_iin/iins collections,05
x_balances,x-balances balance table,"1 goose migration, real schema, singular table name balance",x-balances/internal/database/migrations/20250127224555_balance.go:19,"seeds/s4/xbalances.sql (correct, migration-sourced) — seeds/mysql/xbalances_seed.sql also exists but is dead/unused (wrong table name balances plural, not referenced by any script)",ENV2_COMPOSE/seeds/s4/xbalances.sql,REAL,REAL,"balance,routing",xbalances_seed.sql should be deleted or clearly marked superseded to avoid confusion (never executed but sits in the tree looking authoritative),yes,none,05
x_balances,x-balances sub_balances/sub_balance_limits,"Out-of-band queries.sql DDL (PR #147), itself stale vs current code (missing name/deleted_at)",x-balances/queries.sql (PR #147),Not seeded by the twin (seeds/s4/xbalances.sql:4-8 explicitly documents the omission and cites this exact finding),ENV2_COMPOSE/seeds/s4/xbalances.sql:4-8,MISSING,UNKNOWN-BLOCKED for exact production shape; build to code-required shape as documented REPRESENTATIVE substitute if these flows are ever exercised,"balance,routing",Neither the queries.sql-as-written nor current-code shape is fully self-consistent — build against the code-required shape (add name/deleted_at) if ever needed,no,"SHOW CREATE TABLE sub_balances, sub_balance_limits (schema-only) from an environment where PR #147's feature has shipped",05
api_monolith,API-DB subset: payouts_details,Real PK is payout_id; no beneficiary_bank_code; no separate id column,api/database/migrations/2021_06_08_195420_create_payouts_details_table.php:20-25,"seeds/schema-patches/apidb.sql:36 adds a spurious id PK, and (correctly) includes beneficiary_bank_code",ENV2_COMPOSE/seeds/schema-patches/apidb.sql:36,INCORRECT,CONTRACT-FAITHFUL SUBSTITUTE (correct DDL against TWIN_SPEC/schema/apidb-subset.mysql.sql),merchant_visible_state,"Extra PK column is harmless for INSERTs that always supply both, but is not schema-faithful; any SELECT * or column introspection would see a shape production never has",yes,none,05
api_monolith,API-DB subset: reversals,"entity_id/entity_type polymorphic, fee singular, no payout_id column",api/database/migrations/2016_12_19_110546_create_reversals.php:23-91,"seeds/schema-patches/apidb.sql:35 has both payout_id (wrong, doesn't exist) and entity_id/entity_type (correct), both fee and fees (one is wrong); also missing customer_id, transaction_type, initiator_id, customer_refund_id",ENV2_COMPOSE/seeds/schema-patches/apidb.sql:35,INCORRECT,CONTRACT-FAITHFUL SUBSTITUTE (correct DDL),"reversal,merchant_visible_state","Extra/wrong columns don't break inserts that avoid them, but any code path doing SELECT * or column introspection would see a shape production never has",yes,none,05
api_monolith,API-DB subset: fund_transfer_attempt(s),Real name plural fund_transfer_attempts,api/app/Constants/Table.php:180 (Table::FUND_TRANSFER_ATTEMPT = 'fund_transfer_attempts'),seeds/schema-patches/apidb.sql:38 uses singular fund_transfer_attempt,ENV2_COMPOSE/seeds/schema-patches/apidb.sql:38,INCORRECT,CONTRACT-FAITHFUL SUBSTITUTE (rename to plural),transfer_state,Any query the monolith-stub or payouts code issues against the real plural name would 42S02 (table not found) against this stub's singular table,yes,none,05
api_monolith,"API-DB subset: banking_account(s), payout_status_details vs payouts_status_details",Real names plural: banking_accounts; payouts_status_details,"api/app/Constants/Table.php:83,90 (Table constants)","seeds/mysql/apidb-ddl/00_init.sql:83,96 uses wrong singular names for both, self-flagged in its own header as unverified; seeds/schema-patches/apidb.sql:37 separately creates the CORRECT payouts_status_details, so the stub DB ends up with two non-identical tables for one logical entity","ENV2_COMPOSE/seeds/mysql/apidb-ddl/00_init.sql:83,96; ENV2_COMPOSE/seeds/schema-patches/apidb.sql:37",INCORRECT,"CONTRACT-FAITHFUL SUBSTITUTE (delete 00_init.sql's orphan tables, rename to plural)",merchant_visible_state,"Creates orphan tables never queried, and duplicate/conflicting table for payouts_status_details",yes,none,05
api_monolith,API-DB subset: monolith↔payouts-service dual-write DB link,"Second live MySQL connection, payout_service_database, monolith reads payouts' own DB directly (Connection::PAYOUT_SERVICE_DATABASE)",api/app/Base/Repository.php:1454-1471; api/app/Models/PayoutsDetails/Repository.php:91-100,"Not modeled at all — twin only has the one apidb stub, no second connection from a monolith-stub into payouts' own MySQL",n/a,MISSING,CONTRACT-FAITHFUL SUBSTITUTE — add a second DB connection from monolith-stub into mysql-payouts,"payout_state,merchant_visible_state","If the twin's monolith-stub ever needs to reconcile payout state via this path, it currently cannot",yes,none,05
fts,/v1/transfer create,"Gin route, Basic Auth by username-prefix reflection, source_id+source_type unique + mutex dedupe",fts/internal/routing/router/route_list.go:174-198,"Same binary (rzp-arena/fts image built from real fts repo), fts.toml overrides only infra hosts (env.arena.toml)",ENV2_COMPOSE/config/templates/base/fts/env.arena.toml,REAL,REAL,"auth,idempotency,payout_state,transfer_state",None functionally — config-only substitution,yes,none,06
fts,Route selection (shared),source_account_mappings priority-ordered query + channel-health filter,"fts/internal (route selection code, §2)","Same code; seed rows in seeds/s4/fts.sql:64-72 (2 merchants x IMPS/NEFT -> pool account 900001), channel_information_status seeded with 10 explicit UP rows (fts.sql:112-125)","ENV2_COMPOSE/seeds/s4/fts.sql:64-72,112-125",REPRESENTATIVE,REAL — seed a second channel + DOWN rows + default direct rule,routing,"Only 1 channel/bank (RBL) seeded vs 12 in prod; no failover scenario seeded (only one healthy channel exists, so cross-channel failover logic is never exercised)",yes,none,06
fts,Route selection (direct),direct_account_routing_rules merchant+default rule,"fts/internal (route selection code, §2)","Same code; 2 rows seeded (fts.sql:100-104, M2 IMPS/NEFT -> account 900002)",ENV2_COMPOSE/seeds/s4/fts.sql:100-104,REPRESENTATIVE,REAL — seed a default direct rule,routing,"Only merchant-scoped rule, no default/fallback rule seeded, so the merchant_id IS NULL fallback path is never exercised",yes,none,06
fts,Transfer/attempt FSM,pkg/transition in-process,fts/pkg/transition,Same binary,n/a (real fts binary),REAL,REAL,"transfer_state,payout_state",None,yes,none,06
fts,Status webhook (a/b/c: Kafka/PS-direct/monolith-legacy),"3-way Kafka/PS-direct/monolith-legacy branch, Splitz-gated",fts/internal/transfer/service.go:1071-1275 (FireTransferStatusWebhook),"Same code; twin disables Kafka entirely (env.arena.toml:155-158, kafka_producers.fire_transfer_status.enabled=false — no local broker stood up) and points [webhook.payout.transfer_status] at monolith-stub (line 172)","ENV2_COMPOSE/config/templates/base/fts/env.arena.toml:155-158,172",MISSING,REAL end-to-end (enable fts producer + Splitz on for a merchant),"routing,payout_state,transfer_state","Kafka branch (c) cannot be exercised at all in this twin; which of (a)/(b)/(c) fires depends on splitz-stub's canned answer, not real per-merchant Splitz state",yes,sanitized export of current enabled/disabled state and rollout % for FireStatusUpdateKafka and related experiment keys,06
mozart,Mozart (bank gateway),Real Mozart binary talks to actual banks; -mock mode available for non-prod,mozart/app/mock/mappings.go:1-156,"mozart-sim (Python stdlib HTTP server, 266 lines) is the default/primary substitute; mozart-mock (real binary) service defined but profiles:[""mozart-real""], inert by default and cannot currently be built (private-module blocker)","ENV2_COMPOSE/substitutes/mozart-sim/server.py:74-111,114-175,244-249",REPRESENTATIVE,CONTRACT-FAITHFUL SUBSTITUTE per substitute-contracts/mozart-sim.md; REAL blocked by private modules,"transfer_state,reversal","mozart-sim implements the same envelope shape field-for-field on the subset it populates, but scenario selection is amount-keyed (own convention, distinct from real Mozart's exact-field-match and FTS's own mock-server's amount convention) and does not replicate per-bank gateway/version routing — sim ignores which bank/version was requested entirely, dispatching purely on action",partial,"private Go modules integrations-utils, integrations-go, orchestrator (for real Mozart -mock; otherwise not needed)",06
mozart,Mozart bank-error classification,"FTS-side defaultErrorCodes/transferErrorCodes maps (818-line file, real code)",fts/internal/providers/mozart/error_code.go:217-952,"Same code (fts binary is real) — only the inputs (Mozart's bank_status_code) are synthetic, from mozart-sim",ENV2_COMPOSE/substitutes/mozart-sim/server.py,REPRESENTATIVE,CONTRACT-FAITHFUL SUBSTITUTE per substitute-contracts/mozart-sim.md,"transfer_state,reversal","mozart-sim only emits SUCCESS, INSUFFICIENT_FUND, DUPLICATE_TXN, PENDING, CBS:188, RETURNED scenarios, a small subset of the ~140-entry map; codes not exercised: FROZEN_ACCOUNT, INVALID_VPA, TXN_REJECTED, AUTHORIZATION_FAILED, and all transferErrorCodes overrides",yes,none,06
fts,Worker set,"~40 worker_queue_map keys, per-bank x mode x operation granularity in prod","fts/config (worker_queue_map, per lane06 §2)",13 workers seeded (default + initiate/check/webhook/retry x3 + RBL x2 variants x2 ops),ENV2_COMPOSE/docker-compose.yml (fts-worker-* services),REPRESENTATIVE,REAL — add workers for any additional bank,"transfer_state,routing",No ICICI/Axis/Yesbank/amazon_pay/m2p/citi/ocbc worker processes exist in the twin — any test scenario needing a non-RBL channel cannot be driven end-to-end without adding workers+config,yes,none,06
recon_art,Recon/ART write route,"PATCH/POST /v1/attempts/:action, PUT /v1/attempts/reconcile, auth API+ART","fts/internal/routing/router/route_list.go:174-198 (route definitions, real); fts/internal/transfer/attempt_bulk_action.go:219+",Not found wired in docker-compose.yml's fts service list as a distinct caller (no art-stub or recon caller service),n/a,MISSING,verifier-driven direct calls to FTS ART routes (REAL routes) for Env 4,"reversal,repair","Recon/repair flows into FTS untested end-to-end; the routes themselves are REAL on the FTS side, only the caller is missing",yes,none,06
fts,Downtime notification callback,"PartnerBankHealthPayload -> monolith notify_channel_status + PS notify_channel_status (feature-flag gated), 3x10s retry","fts/internal/notification.go (SendPartnerBankHealthNotification, V1 path)","Not traced in twin config this pass (payouts_service.notify_channel_status/notify_downtime URLs point at arena placeholders per template inheritance from env.default.toml, not overridden in env.arena.toml)",ENV2_COMPOSE/config/templates/base/fts/env.arena.toml,UNKNOWN-BLOCKED,UNKNOWN-BLOCKED — verify twin-side receiver,merchant_visible_state,Not verified whether monolith-stub/PS in the twin implement a receiver for this callback; V2's actual HTTP delivery (send_notification task body) also unconfirmed,partial,"read of internal/tasks/send_notification.go (in-repo, unread this pass)",06
ledger,ledger-api (JournalAPI/AccountAPI/LedgerConfigAPI),"Go/Twirp binary, Postgres, real business logic","payouts/pkg/ledger/ledger_journal_create.go:66-93,151-165","Same binary, real image, postgres-ledger",ENV2_COMPOSE/docker-compose.yml,REAL,REAL,"balance,reversal,tenant",Schema is the real rx_migrations; ledger_config loaded via the real LedgerConfigAPI/CreateInBulk RPC using ledger's own seed data,yes,none,07
ledger,ledger_config seed data,Go seed (shared_account_x.go/direct_account_x.go) loaded via ledger's own migration/admin path,"ledger/internal/journal/ledger_config/seed_data/{shared_account_x.go,direct_account_x.go}","Same Go seed, loaded via the same RPC (up.sh:138-144)",ENV2_COMPOSE/scripts/up.sh:138-144,REAL,REAL,"balance,reversal",None material,yes,none,07
ledger,ledger accounts/account_details (per-merchant + FTS nodal/current rows),"Created via AccountAPI/CreateOnEvent by FTS (FTS-side) and (unknown caller, likely monolith) for merchant-side",fts/internal/account/service.go:4773-4777; ledger/internal/account/seed_data/shared_account_x.go:216-231,raw-SQL seed (ledger.sql) reproducing the shape by hand,ENV2_COMPOSE/seeds/s4/ledger.sql,INCORRECT,REAL with corrected seeds (via AccountAPI/CreateOnEvent events nodal_/current_pool_account_onboarding) and a monolith-stub caller for merchant-side onboarding events,"balance,routing,payout_state",INCORRECT for the M2/Direct FTS pair (fund_account_type=nodal should be current; missing Current parent accounts) — CONTRACT-FAITHFUL for the Shared/M1/M3 pair; blocks payout_processed/reversed for any Direct-routed FTS journal,yes,caller of ledger AccountAPI/CreateOnEvent for merchant-side onboarding events (almost certainly API monolith) — sanitized code excerpt or one-paragraph confirmation sufficient,07
ledger,ledger CronJobs/scheduler,"split_account_balance_update/verify_warm_storage CronJobs, both suspended in prod; in-process scheduler for the rest","ledger/ (CronJob manifests, suspended state per lane07 §2)",Not modeled (no cron container in twin),n/a,REPRESENTATIVE,REAL,"balance,repair","Omission matches prod's suspended state for the 2 CronJobs; the in-process scheduler jobs (balance_update_script etc.) are simply absent — acceptable for a payout-happy-path arena, would need explicit modeling for a repair-path arena",yes,none,07
x_balances,x-balances (server+worker),"Go binary, MySQL, real bank-polling workers, Ledger-dependent enricher","x-balances/ (server+worker, per lane07 §2)","Real image, mysql-xbalances (xbalances-server, xbalances-worker)",ENV2_COMPOSE/docker-compose.yml,REAL,REAL,"routing,balance","Mozart bank-poll target is mozart-sim, not a live bank; sub_balance/sub_balance_limit tables not migrated (queries.sql-only in prod too — not a twin gap)",yes,none,07
x_balances,x-balances balance seed,Populated by activation flow (Slice: direct x-balances write; legacy banks: via monolith bas) or by the Ledger enricher (Shared/sub_balance),"x-balances/ (activation flow, per lane07 §2)","raw seed row per merchant, all 3 types (xbalances.sql)",ENV2_COMPOSE/seeds/s4/xbalances.sql,REPRESENTATIVE,REAL,"balance,routing","All 3 merchants get a stored balance value even though Shared/sub_balance's real number is always overwritten from Ledger live — harmless for selection, only matters if a test reads x-balances' raw column for a Shared merchant expecting it to be authoritative",yes,none,07
cfa,CFA (server+worker),"Go/gRPC+REST, MongoDB, hash-based app-level dedupe","cfa/ (server+worker, per lane07 §2)","Real image, mongo-cfa, cfa-server/cfa-worker-contact/cfa-worker-fa",ENV2_COMPOSE/docker-compose.yml,REAL,REAL,tenant,None material found,yes,none,07
cfa,CFA seed (contacts/fund_accounts/hash_lookup),"App-created via API, SHA3-256 hash computed by Go golang.org/x/crypto/sha3","cfa/ (SHA3-256 hash computation, per lane07 §2)","Direct mongosh seed with precomputed SHA3-256 hashes (Python hashlib.sha3_256, same NIST standard) matching the Go input-string format",ENV2_COMPOSE/seeds/mongo/cfa_seed.js,CONTRACT-FAITHFUL,REAL,tenant,"None material, by the twin's own careful design (bypasses the API but reproduces its exact invariants: hash algorithm, no unique index reliance)",yes,none,07
banking_accounts,banking-accounts service,"Go/Gin, MySQL, ~40+ onboarding/admin/data-fix routes, Mozart/FTS/monolith integrations","banking-accounts/internal/applications/onboarding/{rbl,axis,icici,idfc,yesbank,yesbank_pobo,slice}","bankingaccounts-stub (Python, 1 route: GET /payouts/shield/merchant/{id}/details)",ENV2_COMPOSE/substitutes/bankingaccounts-stub/server.py,REPRESENTATIVE,keep substitute; add routes only if onboarding flows are tested,tenant,"Everything except the one PS-called route is unimplemented — no onboarding, no balance_id admin PATCH, no credential management; real service pulls in Mozart, Zoho, UFH, BVS, Hubspot, Segment, Metro, and a 5-bank onboarding state machine, orthogonal to a payout-path arena",yes,"schema-only DDL dump of banking_account/banking_account_application plus route list, if onboarding stub is ever extended",07
workflow_service,Workflow Service (WFS) itself,"Go/Twirp + Cadence, 3 binaries, MySQL, real callback/retry engine",workflows/internal/entities/workflow/server.go:56-60; workflows/internal/entities/workflow/interactor.go:290-317,Absent. docker-compose.yml has no workflows* service; [workflow] client in arena.toml:299-316 points at http://127.0.0.1:1 (dead loopback),ENV2_COMPOSE/config/templates/base/payouts/arena.toml:299-316,MISSING,REAL (Cassandra + Cadence + MySQL + api + workers) when approval family in scope; else contract per substitute-contracts/workflow-service.md,"approval,routing","Every field/mechanism (Create contract, config resolution, callback delivery, retry, expiry, self-approval)",yes,none,08
workflow_service,PS -> WFS WorkflowAPI.Create call,"Real Twirp POST, [200,201,409] success set, config resolved server-side by owner tuple",payouts/pkg/workflow/workflow_create.go:225-262; workflows/internal/entities/config/repo.go:93-104,"Call attempted against 127.0.0.1:1 -> connection refused -> HandleWorkflowsIfApplicable returns WorkflowCreationBadRequestError (400) -> entire payout-create request fails, no payout persisted for any merchant that reaches the workflow-applicable branch",payouts/internal/app/payouts/processor/base.go:285-289; baseHelper.go:37-46,INCORRECT,REAL — stand up WFS or thin substitute per contract,"payout_state,merchant_visible_state,approval","Prod: payout enters pending, waits for approval. Twin today: payout-create call itself errors out for M3 whenever IsWorkflowApplicable is true (i.e. whenever created via non-API auth)",yes,none,08
workflow_service,"DCS Workflows config, M3 fixture","enable_payout_workflow, skip_workflow_for_dashboard, skip_workflow_for_payroll, skip_approval_workflow_for_api, enable_approval_via_oauth proto",config-proto/rzp/x/merchant/payouts/workflows.proto:8-13,"seeds/s4/dcs_fixtures.json M3 row: enable_payout_workflow:true, skip_workflow_for_dashboard:false, skip_workflow_for_payroll:true, skip_approval_workflow_for_api:true, enable_approval_via_oauth:false — field names/types match the proto exactly",ENV2_COMPOSE/seeds/s4/dcs_fixtures.json,CONTRACT-FAITHFUL,CONTRACT-FAITHFUL SUBSTITUTE,"routing,approval",skip_approval_workflow_for_api:true means M3's workflow is only reachable via non-Private auth — worth flagging in seed comments,yes,none,08
payouts_service,payouts-side workflow_config/workflow_state_map tables,"workflow_config: dead read path in real code (never queried outside tests). workflow_state_map: write-only mirror of WFS's POST /v1/workflow/state callback, dual-forwarded to monolith, never read back","payouts/internal/app/workflowConfig/core.go; grep -rln ""workflowConfig."" internal/ pkg/ -> only boot/handler.go and package's own tests","Twin pre-seeds both tables directly (seeds/s4/payouts.sql:89-100) with a synthetic finance_l1/finance_l2/owner 3-step config, matching the real schema exactly",ENV2_COMPOSE/seeds/s4/payouts.sql:89-100,REPRESENTATIVE,REAL (inert decoration until WFS drives traffic),none,"Real PS never derives approval eligibility from these local tables — the state graph and role rules live entirely in WFS's configs/states tables, which don't exist in the twin either",yes,none,08
api_monolith,monolith workflow_entity_map (API-DB stub),"Real per-payout 'is a WFS workflow open' lookup, read by shouldCallWorkflowService before every monolith-mediated approve/reject","api/app/Models/Payout/Core.php:3123-3128,3232-3335 (EntityMap\Repository)","seeds/schema-patches/apidb.sql:34 creates the table (empty, populated at runtime per SYNTHETIC_FIXTURE_SPEC.md)",ENV2_COMPOSE/seeds/schema-patches/apidb.sql:34,CONTRACT-FAITHFUL,CONTRACT-FAITHFUL SUBSTITUTE,"routing,approval",Needs a row inserted at workflow-creation time for the twin's monolith-stub to route correctly — not confirmed whether monolith-stub/server.py does this (grep found zero workflow/batch handling in it at all),yes,none,08
workflow_service,"PS inbound /v1/workflow/state, /v1/workflow/state/:id","Real BasicAuth-gated write route, persists + dual-forwards",payouts/internal/routing/router (workflow callback routes),"Route exists in the real payouts binary the twin runs (PS's own code, unchanged) — but nothing in the twin ever calls it, since there is no WFS to originate the callback",n/a (real payouts binary),MISSING,REAL (mechanism exists; needs WFS or substitute to drive it),"approval,payout_state",No fixture/traffic exercises this path,yes,none,08
batch,Batch service itself,"Java/Spring, 7 k8s deployments, Postgres, payout.json/payout_approval.json JSON-config engine","batch/src/main/resources/{payout.json,payout_approval.json}",Absent. No batch* service in docker-compose.yml; no substitutes/batch*,n/a,MISSING,CONTRACT-FAITHFUL SUBSTITUTE (thin driver) per substitute-contracts/batch-service.md,"idempotency,approval",Entire bulk-create/bulk-approve-via-CSV flow,yes,none,08
batch,payouts/bulk_approve (the route Batch calls),"Monolith route -> WFS-or-legacy-checker branch: if EntityMap\Repository::isPresent('payout', id) is true, calls WFS directly (createActionOnEntity); falls back to legacy monolith-local checker system only when no WFS-backed workflow is found","api/app/Http/Route.php:2319; api/app/Models/Payout/Service.php:3539-3681; api/app/Models/Payout/Core.php:3123-3128,3232-3335,3589-3604,3614-3648,8010-8035","substitutes/monolith-stub/server.py has zero workflow/batch handling (grep -n -i ""workflow|batch"" -> no output)",ENV2_COMPOSE/substitutes/monolith-stub/server.py,MISSING,"CONTRACT-FAITHFUL SUBSTITUTE (must live in/alongside monolith-stub, not a WFS-stub; A/R-discriminated, <=15-row, no-OTP contract)","approval,routing","Whole chain missing; CORRECTION: prior reports claimed this bypasses WFS entirely and hits PS directly — it is a monolith route that in fact routes through WFS for workflow-backed payouts, only falling back to a legacy checker otherwise, and does not exist in the payouts microservice repo at all",yes,none,08
batch,"payouts/bulk (Batch's create-side call, and PS's own /v1/payouts/bulk)",PS route exists and is real (payout_internal_routes_with_passport.go),payouts/internal/routing/router/payout_internal_routes_with_passport.go,PS's own route exists unchanged in the twin's payouts-api container; only the Batch caller is missing (no traffic generator hits it with Batch's headers/idempotency-key shape),n/a (real payouts binary),REAL,CONTRACT-FAITHFUL SUBSTITUTE (add Batch caller/driver),"idempotency,payout_state,transfer_state","Twin can exercise this endpoint directly (curl with X-Batch-Id etc.) even with no Batch substitute — genuinely different from the approve side, which needs the monolith-stub to do real branching work",yes,none,08
workflow_service,Cadence,"Long-running distributed workflow engine, durable retry/backoff",workflows/ (go.uber.org/cadence v0.13.4 client SDK),Absent (follows from WFS being absent),n/a,MISSING,REAL (part of WFS stack) when approval family in scope,approval,—,partial,exact uber/cadence server image tag/version used in prod's Cadence cluster,08
stork,Stork WebhookAPI (subscriptions + delivery),"Go service, MySQL+Redis+SQS+Trino+Kafka, protobuf Twirp, HMAC-SHA256 signed, exponential backoff (15 attempts/24h), fan-out via async SQS workers","payouts/pkg/stork/client.go:105; stork/ (delivery workers, backoff formula per lane09 §Production behaviour)","substitutes/stork-capture/server.py (235 lines) — in-process dict store, synchronous inline delivery on ProcessEvent, JSON Twirp routes, real HMAC-SHA256 signing over the raw payload string, real header names (X-Razorpay-Event-Id, X-Razorpay-Signature), MAX_WEBHOOKS_PER_OWNER=30 matching prod's documented cap",ENV2_COMPOSE/substitutes/stork-capture/server.py,CONTRACT-FAITHFUL,keep substitute; add duplicate/delay/drop knobs; optionally protobuf decoding to drop the ARENA_STORK_JSON patch,merchant_visible_state,"No retry/backoff (delivers once, no re-attempt on non-2xx), no dedupe simulation by default, no per-owner disable cron, no MySQL persistence (in-memory, lost on restart), sync delivery vs prod's async-queue delivery",yes,none,09
stork,Stork wire protocol (protobuf vs JSON twirp),Protobuf-encoded Twirp body (NewWebhookAPIProtobufClient),payouts/pkg/stork/client.go:105,"stork-capture parses json.loads(body) only — no protobuf decoding; requires ARENA_STORK_JSON=1 patch to payouts/pkg/stork/client.go swapping to NewWebhookAPIJSONClient (Twirp's own supported alternate content-type, generated code, not a hand-rolled shim)",ENV2_COMPOSE/build/arena-patches (ARENA_STORK_JSON patch); rpc/stork/webhook/v1/webhook_api.twirp.go:470,CONTRACT-FAITHFUL,"keep substitute; needs ARENA_STORK_JSON patch (necessary, not superfluous)",merchant_visible_state,"Patch is necessary: without it, payouts sends binary protobuf bytes that stork-capture's json.loads cannot parse (immediate 400/decode error on every call); patched client uses Twirp's own JSON content-type variant, same Go struct marshaled differently — payload field shape unaffected",yes,none,09
stork,Stork ordering/reordering simulation,"No FIFO guarantee, no documented deliberate-reorder knob (production ordering is accidental/rare, SQS-driven)","stork/ (SQS fan-out, per lane09 §Production behaviour)",STORK_REORDER=1 env flag delays every even-indexed delivery per owner_id by STORK_REORDER_DELAY_SEC (default 0.3s) so odd-indexed lands first,"ENV2_COMPOSE/substitutes/stork-capture/server.py:28-35,174-182",REPRESENTATIVE,keep substitute; add duplicate/delay/drop knobs,"idempotency,reversal","Production's lack-of-ordering is probabilistic/SQS-driven; twin's is deterministic and index-parity-based — good enough to exercise V21-style tests, not a byte-for-byte model of SQS concurrency",yes,none,09
stork,Stork subscription Create/List,"MySQL webhooks/subscriptions tables, proto Webhook/Subscription shapes","stork/ (MySQL schema, proto Webhook/Subscription, per lane09 §Production behaviour)","_create_webhook/_list_webhooks (server.py:89-121) build the same field names (id, service, owner_id, owner_type, url, secret, subscriptions[event_name...], disabled), return secret_exists bool like prod's toProto() (never echoes raw secret)",ENV2_COMPOSE/substitutes/stork-capture/server.py:89-121,CONTRACT-FAITHFUL,keep substitute,merchant_visible_state,"No DB persistence, no request_headers, no alert_email, no per-owner max-30 enforcement beyond a literal count check (matches prod's behavior, not its code path)",yes,none,09
stork,Merchant HTTP endpoint receiving deliveries,"Arbitrary merchant server, verifies X-Razorpay-Signature itself","n/a (merchant-owned, no repo)","substitutes/merchant-webhook-sink/server.py — computes hmac.new(WEBHOOK_SECRET, body, sha256) and compares (hmac.compare_digest) against received X-Razorpay-Signature, logs every delivery with headers+parsed body to /data/deliveries.jsonl",ENV2_COMPOSE/substitutes/merchant-webhook-sink/server.py:33-37,CONTRACT-FAITHFUL,keep substitute,merchant_visible_state,"Path shape /webhook/{merchant_id} is a twin convention, not derived from a real merchant integration guide (merchants choose their own URL in production)",yes,none,09
kafka,Kafka broker,"AWS-managed Kafka cluster (per env), TLS, 2 partitions/3 replicas for the fts-status topics","payouts/config/prod.toml (kafka broker config, per lane09 §Production behaviour)","apache/kafka:3.8.0 KRaft single-node, no TLS, KAFKA_AUTO_CREATE_TOPICS_ENABLE=true",ENV2_COMPOSE/docker-compose.yml:280-297,REAL,REAL end-to-end,"payout_state,transfer_state","Single partition topology in practice (auto-create defaults, not explicitly 2-partition/3-replica like prod) — does not change consumer-group semantics for single-node dev topology, but a multi-payout-in-flight ordering test needs to know prod uses 2 partitions (same-partition-key ordering only guaranteed within a partition)",yes,none,09
kafka,"Payouts Kafka consumers (fts_status_updates, fts_status_updates_retry)","Real Go binary payouts-kafka-consumer, same topic/group/backoff config as prod (scaled per env)",payouts/config/prod.toml ([kafka_consumers] block),"docker-compose.yml:857-905 runs the real payouts-kafka-consumer binary against the arena Kafka broker, config copied from config/devstack.toml with TLS off",ENV2_COMPOSE/config/templates/base/payouts/arena.toml:1047-1084,REAL,REAL,"payout_state,transfer_state,idempotency","None functionally — same code, same topic names, same consumer-group names, same reversed/failed-drop logic",yes,none,09
kafka,FTS -> PS Kafka producer side,"fts service, Splitz-gated FireStatusUpdateKafka, real fire_transfer_status Kafka producer",fts/internal/providers/kafka/provider.go; fts/internal/transfer/service.go:1136-1141 (Splitz-gated early return),"[kafka_producers.fire_transfer_status].enabled=false in twin's FTS config, and splitz-stub returns off for FireStatusUpdateKafka; FTS->PS status path always takes the HTTP-webhook branch instead ([webhook.payout.transfer_status] -> monolith-stub -> payouts-api PATCH /v1/payouts/update_payouts_with_fts, Flow I)","ENV2_COMPOSE/config/templates/base/fts/env.arena.toml:156-158,171-172; ENV2_COMPOSE/substitutes/splitz-stub/CONTRACT.md:70",MISSING,REAL end-to-end (enable fts producer + Splitz on for a merchant),"payout_state,transfer_state","Kafka consumer infrastructure is REAL and running, but nothing produces onto rx-fts-status-update-events in the twin today; twin cannot currently exercise the Kafka status-propagation path end-to-end even though consumer side is real and correctly wired; single most important reason this is not yet REAL is a config/seed gap, not a code gap — flipping enabled=true + a splitz-stub variant override would suffice",yes,none,09
stork,V21 verifier (webhook completeness),n/a (test code),n/a,"verifier/verifiers/test_v21_webhook_completeness.py hits stork_capture_client.get('/v1/captured'), marked BLOCKED_BY_FIDELITY_GAP, docstring claims stork-capture doesn't capture payout.* Twirp WebhookAPI/ProcessEvent events",ENV2_COMPOSE/verifier/verifiers/test_v21_webhook_completeness.py,INCORRECT,fix verifier to call /_captured/events,merchant_visible_state,"Current server.py DOES implement _process_event at the real Twirp route and exposes captured payout-webhook deliveries at /_captured/events and /_arena/events?merchant= — the verifier is calling the wrong path (/v1/captured instead of /_captured/events) and its skip/degrade reasoning predates the current stub; this is a stale verifier, not a real fidelity gap",yes,none,09
dcs,DCS KV Get/Evaluate (wire format),"grpc-gateway JSON, protobuf-bytes value, JWT bearer",payouts/pkg/dcs/client.go; goutils/dcs (proto message defs),"dcs-stub/server.py: hand-rolled proto3 encoder, byte-exact for the 7 payouts/CFA messages it knows, static bearer token",ENV2_COMPOSE/substitutes/dcs-stub/server.py,CONTRACT-FAITHFUL,CONTRACT-FAITHFUL SUBSTITUTE (dcs-stub wire bytes correct),"routing,approval,balance",Wire shape and seed content are correct for the 7 messages modeled; reachability question is addressed in the DCS client URL resolution row below (corrected to REAL-patched),yes,none,10
dcs,DCS client (goutils/dcs) URL resolution / reachability,Modes-based hardcoded env->host map in goutils/dcs@v1.7.3; ServerURL mostly dead for single-mode configs,goutils/dcs (client URL resolution logic),build/arena-patches module-replace patches GetContextUrl to return ARENA_DCS_URL for every call — both boot-time login context AND per-request Get/Patch/EnabledFeatures calls,"ENV2_COMPOSE/build/arena-patches/goutils-dcs-v1.7.3/dcs.go:111,180-186,192",REAL,"CONTRACT-FAITHFUL SUBSTITUTE (dcs-stub); keep substitute, document patch; real DCS optional","routing,approval,balance","CORRECTION: lane 10's own report and dcs-stub/CONTRACT.md claimed the patch only covers boot-time login and that per-request Get/Patch calls use a different, unpatched ctx that still resolves to the real hostname and fails (""DCS features silently resolve empty""). Verified directly against build/arena-patches/goutils-dcs-v1.7.3/dcs.go:111,180-186,192: GetContextUrl returns ARENA_DCS_URL for every call, so per-request DCS calls ARE reachable. Record DCS reachability as REAL-patched, not a residual gap.",yes,none,10
splitz,"Splitz Evaluate/EvaluateBulk (server-side eval callers, e.g. FTS)","Twirp JSON, per-merchant bucketing (server-side Evaluate RPC)","splitz/ (Evaluate/EvaluateBulk Twirp RPC, per lane10 §Production behaviour)","splitz-stub seeded lookup by (experiment_id|name, merchant_id), default_variant:""on"" fallback",ENV2_COMPOSE/substitutes/splitz-stub/server.py,CONTRACT-FAITHFUL,CONTRACT-FAITHFUL SUBSTITUTE; unseeded default should be off not on,"routing,approval","None found for server-side callers, aside from the same unseeded-default-""on"" issue documented elsewhere (lane 04)",yes,none,10
splitz,Splitz client-side eval path (payouts),"CORRECTED: production payouts uses SERVER-SIDE Evaluate — config/prod.toml:442 sets [splitz] client_side_eval=false — calling Splitz's Evaluate/EvaluateBulk Twirp RPC per (experiment, merchant); FetchDecisionContext/client-side hash-bucket eval is what default.toml/devstack.toml use (client_side_eval=true), not prod","payouts/config/prod.toml:442 (verified fact, supersedes this lane's own framing)","arena config template sets client_side_eval=true (mirroring default.toml, not prod), so payouts calls FetchDecisionContext, which splitz-stub always answers with {""experiments"": []} — every payouts Splitz experiment evaluates to its code-side default (typically off), regardless of Evaluate/EvaluateBulk seed data",ENV2_COMPOSE/config/templates/base/payouts/arena.toml (client_side_eval); ENV2_COMPOSE/substitutes/splitz-stub/server.py (_fetch_decision_context),INCORRECT,"CONTRACT-FAITHFUL SUBSTITUTE: arena client_side_eval=false; seeded Evaluate per (experiment, merchant); unseeded default ""off""; optionally implement FetchDecisionContext; real Splitz optional","routing,approval,fees,tenant","CORRECTED ROOT CAUSE: the fix is arena config (client_side_eval=false) + seeded Evaluate responses, NOT fixing/implementing FetchDecisionContext — production itself never relies on FetchDecisionContext for payouts (prod.toml:442 sets client_side_eval=false), so a stub that only gets FetchDecisionContext right is solving the wrong problem",yes,none,10
pricing,Governor rule-chain execution,"POST /v1/namespaces/:id/execute, dynamic JSON, govaluate rules; used only when ChargeCollectionsCallExperiment (Splitz) is on",payouts/internal/app/payouts/processor/payout_pricing.go:138-355,"None — ccSdk boots Mock=true, builds MockPayoutCalculator only, no HTTP client ever constructed",n/a,MISSING,N/A (bypassed by design; not reachable while experiment off),fees,Consistent with Governor path being conditional and currently unreachable anyway given the Splitz client-side-eval bug above — no fidelity loss from omitting it while the gating experiment can't turn on,yes,Charge-Collections-SDK's exact wire shape to Governor's /execute (vendored module unreadable in this sandbox),10
pricing,Pricing (/payouts_service/fetch_pricing_info),"API-monolith live handler, real pricing table lookup via DownstreamProcessor, differentiates by amount_range_min/max, channel, payouts_filter",api/database/migrations/2014_07_22_114552_create_pricing.php:19-144,"monolith-stub's _fetch_pricing_info: flat per-mode table from seeds/pricing.json, task-specified Rs2+18%GST flat across IMPS/NEFT/RTGS/UPI, no amount-range slabs, no absent-rule error path",ENV2_COMPOSE/substitutes/monolith-stub/server.py; ENV2_COMPOSE/seeds/pricing.json,REPRESENTATIVE,"CONTRACT-FAITHFUL SUBSTITUTE keyed by (plan_id, channel, method/mode, amount slab, fee_type)",fees,"Real production differentiates by amount_range_min/max, channel, payouts_filter, etc.; twin is intentionally flat (documented in seeds/pricing.json's own note) and never returns the error/code failure shape",yes,none,10
pricing,pricing-stub (separate container),n/a,n/a,"Reads the same seeds/pricing.json, answers /fetch_pricing_info",ENV2_COMPOSE/substitutes/pricing-stub/server.py,MISSING,dead code path; remove or document,none,"Dead code path — ccSdk never dials it (Mock=true, no host rendered)",yes,none,10
shield,Shield evaluate,"POST /v1/rules/evaluate/payout, allow/block/review, 200ms timeout, fail-open","payouts/ (shield-sdk client, per lane10 §Production behaviour)","shield-stub: fixture-driven rule matcher (eq/ends_with/starts_with/contains, one level of and), latency-injection env var",ENV2_COMPOSE/substitutes/shield-stub/server.py,CONTRACT-FAITHFUL,keep (needs latency/fault knobs),approval,None found,yes,real Shield rule catalogue (rule IDs/conditions for payout entity type) for a more representative stub,10
asv,ASV Account().GetByID,Native gRPC (protobuf framing) via goutils/account-service,goutils/account-service/account-service.go:1-90; payouts/pkg/account/client.go:15-28,asv-stub: stdlib http.server JSON,ENV2_COMPOSE/substitutes/asv-stub/server.py,INCORRECT,gRPC mock only if MerchantConfigViaAsvAndDcs is tested,"routing,tenant","Wrong wire protocol, not just wrong schema — cannot be reached by an unpatched binary at all; unreachable while the gating experiment is off (same Splitz client-side-eval issue), so currently dormant",partial,full accountv1.Account proto message (not present in this clone set) to resolve KYC-status field question,10
banking_accounts,"banking_account_service (business/KYC-ish details, Direct-account create)",Plain HTTP/JSON,banking-accounts/ (per lane10 §Production behaviour),"bankingaccounts-stub, correctly wired (arena.toml:279)",ENV2_COMPOSE/config/templates/base/payouts/arena.toml:279,CONTRACT-FAITHFUL,keep substitute; add routes only if onboarding flows are tested,tenant,Field-level contract not independently re-verified against payouts source this pass,yes,none,10
ups,UPS validate/account,"HTTP/JSON, real payments-upi",payments-upi/ (POST /v1/payments/validate/account),No stub at all; [ups] host deliberately points at an unroutable address,ENV2_COMPOSE/config/templates/base/payouts/arena.toml ([ups] host),MISSING,minimal stub or REAL (repo has compose) when UPI beneficiary flows are tested,tenant,Any FetchMappedVpa call fails fast; not exercised by golden flows per this lane's scope,yes,none,10
xas_x_account_statements,XAS read (GET /v1/account_statements),Real x-account-statements HTTP/JSON,x-account-statements/ (not in this lane's read list),No dedicated stub found wired to [xas] host in reviewed templates; xas-sink implements no such route,ENV2_COMPOSE/substitutes/xas-sink/server.py,MISSING,"see lane 11 / substitute contract (statement rows, UTR match)","reversal,repair",Unconfirmed either way this pass whether [xas] host value points anywhere live,partial,schema-only description of XAS's inbound event contract (queue names + payload shape),10
xas_x_account_statements,XAS write (XasEventDetails queue push),Would feed a real XAS ingestion pipeline,payouts/internal/config/config.go:282 (queue config key),"xas-sink: GET /health only, does not drain the queue",ENV2_COMPOSE/substitutes/xas-sink/server.py,MISSING,see lane 11 / substitute contract,none,"Events are pushed and never consumed in this arena, explicitly documented as such",partial,"real XAS ingestion contract (queue names, SQS vs Kafka, payload shape)",10
xas_x_account_statements,Statement ingestion (XAS<->Mozart<->bank),"Cron+Mozart-gateway multi-bank fetch, MySQL persist, dedupe","x-account-statements/internal/account_statements (ingestion cron, per lane11 §1)",None found in ENV2_COMPOSE,n/a,MISSING,"see lane 11 / substitute contract (statement rows, UTR match)","reversal,repair",No substitute exists at all,yes,"bank statement formats per bank (RBL base64 CSV, ICICI/YesBank/IDFC/Axis JSON) if bank-parsing logic itself is in scope",11
xas_x_account_statements,Statement -> payout enrichment matching (UTR/GRN/CMS),XAS enrich/service,x-account-statements/internal/account_statements/dual_write/service/service.go:141-162,None,n/a,MISSING,CONTRACT-FAITHFUL SUBSTITUTE (match-and-POST behaviour only),"reversal,repair",—,yes,none,11
xas_x_account_statements,banking_account_statement/payout_update (monolith local-reversal-on-FAILED trigger),"The actual 'return credit -> REVERSED' trigger for local/monolith payouts; called by both PS AND XAS's EnrichmentUpdate (both under a shared payouts_service-scoped credential, since no xas app-name exists in monolith allowlist)","x-account-statements/internal/gateway/api/service/service.go:34-35,108-127; api/app/Models/Payout/Core.php:10286-10361,10327-10467; api/app/Http/Route.php:19379-19382",None (ENV2_COMPOSE has no monolith BAS module),n/a,MISSING,REPRESENTATIVE SUBSTITUTE recommended (full monolith out of scope) — single most important missing mechanism for 'return credit -> REVERSED' scenario family on shared/legacy-monolith payouts,reversal,"Twin cannot reproduce return-credit-driven reversal for the shared/legacy-monolith payout family at all. CORRECTION: prior report (08_downstream_admin.md) undersold this as 'observe only, no payout-status-mutating RPC' — it IS the production input to a real status-mutating handler that conditionally creates a Reversal and can flip a FAILED local payout to REVERSED; also, XAS itself (not just PS) is a confirmed live caller of this route",yes,"sanitized dump of internalBasicAuthAppConfigs/applications_v2 config entries whose name resolves to payouts_service, confirming whether XAS's client-id is among them",11
payouts_service,UpdatePayoutAfterBASRecon (PS mirror),PS-side equivalent of the monolith BAS-recon reversal trigger,payouts/ (per lane11 §1),None found in ENV2_COMPOSE substitutes,n/a,MISSING,"REPRESENTATIVE SUBSTITUTE recommended, for PS-owned payouts","reversal,repair",Twin's PS substitute has no equivalent route,yes,none,11
payouts_service,PS SLA/stuck monitors,"Metrics-only, TiDB-sourced, excludes 'initiated' state entirely (MonitorPayoutsSLABreaches, MonitorStuckPayoutsByStatus/MonitorScheduledStuckPayouts scoped to batch_submitted/create_request_submitted/scheduled)","payouts/internal/app/payouts/core.go:9891-9971,10327-10467; payouts/config/prod.toml:797-826",Verifier V16 ('stuck-initiated'),ENV2_COMPOSE/verifier/verifiers/test_v16*.py,INCORRECT,"REAL is trivial (metrics-only, no side effects) once twin also encodes that initiated is NOT monitored",none,Production has no job comparing/monitoring initiated payouts at all; twin's V16 tests a stronger invariant than prod enforces — fine as a twin quality bar but must not be presented as reproducing a production safety net,yes,none,11
fts,FTS check_transfer_status / status-check polling,"Config-driven backoff schedule, mutex-guarded","fts/internal/transfer/attempt_processor.go:2366,2422,2600,2650,2742,7083,7131,7495 (StepConfig/OperationRetry)","ENV2_COMPOSE/scripts/cron-driver/driver.py (assumed jobs, per lane brief)",ENV2_COMPOSE/scripts/cron-driver/driver.py,REPRESENTATIVE,"CONTRACT-FAITHFUL SUBSTITUTE, blocked from REAL-level fidelity by unresolved per-mode backoff-table gap",transfer_state,"Twin's cadence is 'assumed', not derived from the actual per-mode StepConfig/OperationRetry tables (not fully extracted this pass)",partial,"resolved (post-merge) TOML config for one representative prod cell, or a go run dump of the parsed StepConfig structs",11
fts,FTS retry-preprocessor (XAS-statement-gated anti-double-debit check),Blocks/allows retry based on XAS statement debit/credit presence,"fts/internal/transfer (retry-preprocessor, per lane11 §2b)",None found,n/a,MISSING,"CONTRACT-FAITHFUL SUBSTITUTE recommended, depends only on the XAS substitute existing","reversal,repair",This is a materially important safety mechanism for the 'failure->retry' flow with no twin equivalent,yes,none (depends on XAS substitute),11
recon_art,recon/ART Kafka dispatcher -> FTS /v1/attempts/:action / reconcile,"Human-gated, config-driven generic HTTP dispatch","recon/ (dispatcher, per lane11 §2c)",None,n/a,MISSING,verifier-driven direct calls to FTS ART routes (REAL routes) for Env 4,"reversal,repair",Deserves at least a protocol-faithful substitute for Env4; exact workflow_configs rows are UNKNOWN-BLOCKED,partial,schema-only export of the workflow_configs table (column list + a handful of anonymized example rows),11
api_monolith,"Admin manual_action (PS), manual/status[/batch] (monolith), retry, monolith auto_expire",Per §3 of lane11; admin/repair routes across PS and monolith,"api/app (admin/repair routes, per lane11 §3); payouts/internal/controllers/adminClientController.go",None found (PS's twin substitute implements only its own routes); UNKNOWN whether PS's twin substitute implements /manual_action//retry — not verified against ENV2_COMPOSE substitute source this pass,n/a,MISSING,"REPRESENTATIVE SUBSTITUTE recommended; preconditions/effects fully specced, low-complexity to reproduce","approval,repair,payout_state,transfer_state",MISSING for the monolith-side routes; UNKNOWN for PS's own substitute,partial,none — verify against PS substitute source (in-repo),11
recon_art,Alert invariants (FTS webhook-failure aggregates; PS stuck-payout alerts),Aggregates work; IDFC/IMPS+xpayroll stuck alerts appear NON-FUNCTIONAL in prod (query a Prometheus label combination the current payouts_service_stuck_payouts_count metric never emits),"alert-rules/rules/prod-rules/payouts_rules.yaml:2222-2269; payouts/internal/metric/metric.go:1014-1021; payouts/internal/app/payouts/core.go:10363,10374,10379,10447,10458,10463",None (twin has no alerting layer per lane brief),n/a,CONTRACT-FAITHFUL,"document, don't build — the absence is itself the correct invariant to copy",none,"A twin should not implement a working per-payout 'stuck initiated' alert if production doesn't have one, or if it does, it should be flagged as exceeding production fidelity, not matching it; new evidence suggests the two named alert rules may be non-functional in production today",partial,"confirmation (live Prometheus query / Grafana panel) that no other emitter produces payouts_service_stuck_payouts_count{status=""non_terminal"",...}",11
payouts_service,payouts api,"k8s Deployment, args [api], 10 replicas + canary/baseline, envFrom secretRef payouts",kube-manifests/templates/payouts/templates (api Deployment),"payouts-api compose service, single instance",ENV2_COMPOSE/docker-compose.yml,CONTRACT-FAITHFUL,REAL,"routing,auth",No canary/baseline/HPA in twin (expected for single-node arena); replica count irrelevant to contract,yes,none,12
payouts_service,payouts workers (24 roles),"One Deployment per PAYOUTS_WORKER_NAME, k8s HPA per role",kube-manifests/templates/payouts/templates/*-live.yaml,14 of 24 modeled 1:1 by name,ENV2_COMPOSE/docker-compose.yml,CONTRACT-FAITHFUL,"REAL — add the 10 missing worker roles (batch_submitted_merchants, bulk_payouts, fmp_check, fmp_initiate, data_consistency_checker, data_consistency_event, mail_and_sms_event, payout_usage_event_processing, rbl_banking_account_statement, update_source_event)","payout_state,transfer_state,repair","Twin omits data_consistency_checker, data_consistency_event, fmp_check, fmp_initiate, batch_submitted_merchants, bulk_payouts, mail_and_sms_event, payout_usage_event_processing, rbl_banking_account_statement, update_source_event — fmp_check/initiate directly move CA funds; data-consistency workers detect state drift; not cosmetic omissions",yes,none,12
payouts_service,payouts kafka consumers,"2 Deployments, PAYOUTS_CONSUMER_TASK_NAME env",kube-manifests/templates/payouts/templates (kafka consumer Deployments),2 compose services (payouts-kafka x2),ENV2_COMPOSE/docker-compose.yml,REAL,REAL,"idempotency,transfer_state",Matches 1:1,yes,none,12
fts,fts topology,"157+1 live worker roles + 1 web, per-bank-per-rail fan-out with per-queue-key concurrency config (e.g. icici::initiate_transfer=45 vs axis::initiate_transfer=1)",fts config/worker_queue_map (per lane12 §),"fts-web + 12 fts-worker-* (default, initiate-transfer, check-transfer-status, register-beneficiary, verify-beneficiary, retry-transfer(+preprocessor+source-update), fire-transfer-status-webhook, rbl::{check,direct-imps-check,initiate,direct-imps-initiate})",ENV2_COMPOSE/docker-compose.yml (fts-worker-* services),REPRESENTATIVE,REAL — add workers for any additional bank,"routing,transfer_state","Twin collapses ~157 bank/rail-specific queues into ~12 generic ones; no per-bank concurrency map, no axis/icici/idfc/yesbank/slice/amazon-pay/ocbc-specific workers",yes,none,12
ledger,ledger topology (scheduler role),"ledger web + account-create/balance-update/journal-create/entry-details-create workers (each x4 variants) + scheduler CronJob (split-account-balance-update, */10 min)",kube-manifests/templates/ledger (scheduler CronJob manifest),ledger-api/ledger-worker/ledger-scheduler (naming per lane brief),ENV2_COMPOSE/docker-compose.yml,CONTRACT-FAITHFUL,REAL,balance,"Prod's scheduler role is a CronJob (runs-to-completion every 10 min), not a long-running Deployment — mechanism, not just cadence, differs if twin runs it continuously (not independently verified which the twin does)",partial,none — verify twin's own docker-compose.yml ledger-scheduler service definition,12
cfa,cfa topology,"cfa web(+canary+baseline) + cfa-worker-fa/cfa-worker-contact, no active cron",kube-manifests/templates/cfa,cfa-server/worker-contact/worker-fa,ENV2_COMPOSE/docker-compose.yml,REAL,REAL,tenant,Exact structural match; only replica/HPA counts differ (expected),yes,none,12
x_balances,x-balances topology,"web(+canary+baseline) + 5 per-bank worker families (rbl/icici/yesbank/axis/idfc balance-fetch), 3 ports (grpc/http/internal)",kube-manifests/templates/x-balances,xbalances-server/xbalances-worker (1 worker),ENV2_COMPOSE/docker-compose.yml,REPRESENTATIVE,REAL (1 worker vs 5 per-bank families),"routing,balance",Twin has no per-bank fan-out; a single worker cannot represent bank-specific fetch cadence/failure modes,yes,none,12
stork,stork topology,"stork-api + stork-sms-worker + stork-webhook-worker (each with p1/p2/dlq/canary/baseline), 2-3 CronJobs",kube-manifests/templates/stork,stork-capture substitute,ENV2_COMPOSE/substitutes/stork-capture/server.py,REPRESENTATIVE,keep substitute; add duplicate/delay/drop knobs,merchant_visible_state,"Twin has no worker fan-out or cron at all (by design — it's a capture stub); necessarily representative since stork is a shared notification platform, not payouts-specific",yes,none,12
mozart,mozart topology,"web(70)+canary(7)+baseline(7), worker (scaled to 0), image tag resolved via Spinnaker parameter",kube-manifests/templates/mozart; spinacode/v3/payouts/prod,mozart-sim (REAL clone build CONFIRMED BLOCKED — private module github.com/razorpay/integrations-utils unbuildable),ENV2_COMPOSE/substitutes/mozart-sim/server.py,REPRESENTATIVE,CONTRACT-FAITHFUL SUBSTITUTE per substitute-contracts/mozart-sim.md; REAL blocked by private modules,"transfer_state,reversal",Twin cannot exercise real Mozart bank-gateway logic at all — the highest-stakes substitute in the whole lane,no,"private Go module github.com/razorpay/integrations-utils (credential/access), if real Mozart is ever pursued",12
dcs,dcs topology,"dcs-server (v1+v2-proxy migration, 6 variants) + dcs-consumer + dcs-dynamo-cdc-worker",kube-manifests/templates/dcs,dcs-stub,ENV2_COMPOSE/substitutes/dcs-stub/server.py,REPRESENTATIVE,keep substitute; document patch; real DCS (DynamoDB-local + MySQL + Kafka) optional,"routing,approval,balance","No v1/v2-proxy distinction, no CDC path",yes,none,12
splitz,splitz topology,"web(50)+canary(10)+baseline(10)+shadow(0) + splitz-worker(2) + splitz-mcp(1, port 9400)",kube-manifests/templates/splitz,splitz-stub,ENV2_COMPOSE/substitutes/splitz-stub/server.py,REPRESENTATIVE,"CONTRACT-FAITHFUL SUBSTITUTE: arena client_side_eval=false; seeded Evaluate per (experiment, merchant); unseeded default off; real Splitz (compose+MySQL seed) optional","routing,approval,fees,tenant,idempotency","Twin has no experiment-assignment logic, no MCP role at all — experiment/feature-flag bucketing affects almost every service in this lane (payouts alone reads 38 experiment IDs); splitz is the one supporting-service substitute worth upgrading above representative",yes,none,12
workflow_service,workflows topology,"web(5)+worker(5)+worker-asl(2, distinct image)",kube-manifests/templates/workflows,Not in the twin's core/substitute list at all,n/a,MISSING,REAL (Cassandra + Cadence + MySQL + api + workers) when approval family in scope; else contract per substitute-contracts/workflow-service.md,approval,No ASL/state-machine path modeled; payouts calls workflow.host with a 100ms timeout — a real approval gate,yes,none,12
banking_accounts,banking-account topology,"2+1+1 replicas, image banking-accounts:*","kube-manifests/prod/banking-account/values.yaml:3,31",bankingaccounts-stub,ENV2_COMPOSE/substitutes/bankingaccounts-stub/server.py,REPRESENTATIVE,keep substitute; add routes only if onboarding flows are tested,tenant,"Expected for a stub; CORRECTION: k8s namespace/Deployment/service name is banking-account (singular), only the image tag is banking-accounts: (plural)",yes,none,12
xas_x_account_statements,x-account-statements topology,web(2+1+1) + 7 distinct worker roles (fetch/ybl-fetch/statement-save/enrichment/source-event/statement-cdc/accounts-cdc),kube-manifests/templates/x-account-statements,xas-sink,ENV2_COMPOSE/substitutes/xas-sink/server.py,REPRESENTATIVE,"see lane 11 / substitute contract (statement rows, UTR match)","reversal,repair",No CDC or enrichment path,yes,none,12
batch,batch topology,"web + 7 sqs role variants (2 with swapped file-name/args, a repo-level bug)",kube-manifests/templates/batch,Not modeled (not in twin's 67-service list),n/a,MISSING,CONTRACT-FAITHFUL SUBSTITUTE (thin driver) per substitute-contracts/batch-service.md,"idempotency,approval",Likely acceptable — no payouts-named batch queue found,yes,none,12
api_monolith,api monolith payout-relevant workers,"~45 SQS/Kafka Deployments (dual-write, post-create, source-updater, queued/scheduled/on-hold dispatch, FMP, banking-account-statement processor/recon, fts liaison)",kube-manifests/templates/api (45 payout-relevant worker Deployments),monolith-stub (one substitute process),ENV2_COMPOSE/substitutes/monolith-stub/server.py,REPRESENTATIVE,"CONTRACT-FAITHFUL SUBSTITUTE — direct PS-DB read, corrected route contracts, FTS create body, 1s timeout/async fallback, stateful credits, balance-freshness update, plus an ingress module; split role-differentiated substitutes if consistency tests in scope","auth,tenant,approval,routing,balance,payout_state,idempotency,reversal,repair,fees","One stub process cannot represent ~45 independently-scaled, independently-failing consumer roles that constitute the other half of every payout/fund-account/contact dual-write — the mechanism by which the legacy monolith and payouts microservice stay in sync; this is the single largest fidelity gap identified in this lane",partial,none for the gap itself (design/build effort); see lane 01/02's own external-artifact asks for the underlying route contracts,12
cron_fastcron,Queue naming convention,"prod-<svc>-<job>-live convention, DLQs at the AWS resource level (not in app config except ledger's kafka DLQ topics)",payouts/config/prod.toml:184-185 (queue names),"short unprefixed names, config and seed script agree with each other",ENV2_COMPOSE/seeds/localstack/init-queues.sh:29-30; ENV2_COMPOSE/config/templates/base/payouts/arena.toml:417-418,CONTRACT-FAITHFUL,rename to match prod convention for literal-name parity,none,"CORRECTION: twin's queue names (stage-x-balances-balance-refresh-live / stage-x-balances-payouts-event) are stage-flavored and slightly misspelled relative to both stage and prod conventions (prod uses prod-x-balances-balance-refresh-live / prod-x-balances-payout-event, singular 'payout'); if any synthetic-config generator cross-checks queue names against a prod export, it will falsely flag every queue as wrong — twin should document names are deliberately re-mapped, not missing",yes,none,12
cron_fastcron,FastCron / payouts cron,"21 HTTP routes, external SaaS-scheduled",payouts/internal/routing/router/cron_routes.go (21 routes),6 jobs on fixed 300s/900s intervals via cron-driver,ENV2_COMPOSE/scripts/cron-driver/driver.py,REPRESENTATIVE,"fix paths, add batch_submitted + fund_management_payouts/check, label cadence ASSUMED until FastCron export","payout_state,balance,repair","Twin is missing fund_management_payouts/check, process_batch_submitted_payouts, and several admin/maintenance routes; cadences are guesses, correctly labeled as such (self-flagged UNVERIFIED by twin's own docs)",yes,FastCron dashboard schedule export (21 payouts /v1/cron/* routes),12
