component,route_family,implementation_kind,max_confidence,material_difference,source_refs,local_implementation,patch_classification,behavior_change_risk,verification_status,next_evidence
Payouts API,create/read/state/accounting,real,source-confirmed binary; end-to-end confidence bounded by substitutes,Fresh pinned real binary with explicit DCS and Stork transport patches; local configs and dependencies differ,payouts@4bf3dbf9239feadea6d65ca90c893a988e116173; reports/implementation/BUILD_PROVENANCE.md,ENV2_COMPOSE/build/build-host.sh; ENV2_COMPOSE/docker-compose.yml,build_wiring + explicit_behavior_changes,"Real business paths can still be affected by fixture gates, auth shaping and downstream substitutes","Replay19/20 each26/0/0 and strict comparison passed; final boot20 route6, bank6 and golden passed; corresponding audits passed exit0/outside0",Broader unimplemented route families and production policy/deployment parity
Payouts workers,queued/scheduled/hold/FTS/retry/reversal processing,real,source-confirmed selected processes; deployed coverage not established,"Selected real worker registrations and local queues; production replica counts, delivery policies and all worker families not reproduced",payouts@4bf3dbf9239feadea6d65ca90c893a988e116173:internal/job; TWIN_SPEC/CODEX_HANDOFF.md:P1.5,ENV2_COMPOSE/docker-compose.yml,runtime_wiring,Missing or incorrectly selected consumers can hide liveness failures,"Selected real worker paths exercised by passing replay19/20, including asynchronous accounting/reversal recovery; strict logical comparison passed",Per-worker coverage beyond selected flows and production queue policy
FTS,transfer creation/routing/bank execution/retry,real,source-confirmed binary; representative bank and routing fixtures,Real transfer and attempt logic; simulator bank responses and synthetic routes rather than full deployed bank fleet,fts@2a09e763116db47a2f28553c677ad73ef8133ebf:internal/transfer/service.go; reports/implementation/BUILD_PROVENANCE.md,ENV2_COMPOSE/build/build-host.sh; ENV2_COMPOSE/config/routes.py,runtime_wiring + synthetic_fixture,"Bank code coverage, retry timings and channel selection differ",Replay19/20 held/terminal transfer checks and strict comparison passed; final-acceptance bank six and route six passed with actual attempts/classifications and zero-egress audits,Gateway/version/channel matrix and additional classification buckets
Ledger,journals/account discovery/balances,real,source-confirmed RX binary/schema selection; source-backed core contracts,Real journal logic and account configuration; synthetic opening balances and discovery accounts; local Postgres deployment,ledger@471ff4d5321b6b99a7965882d18f572a1adf5194:internal/journal/ledger_config/seed_data/shared_account_x.go; reports/implementation/BUILD_PROVENANCE.md; reports/implementation/IMPLEMENTATION_SPEC_RECONCILIATION.md,ENV2_COMPOSE/build/prepare-repos.py; ENV2_COMPOSE/seeds/generator/generate.py,build_wiring + synthetic_fixture,Synthetic opening state and engine topology do not establish production accounting parity,Replay19/20 exact accounting/idempotency/balance checks passed; strict logical comparison passed,Non-merchant balance paths and broader production schema/queue parity
Ledger processes,queue workers and split account scheduler,real,source-confirmed command and queue selectors,Five selected worker queues; split-account scheduler is one-shot rather than demonstrated production cadence,ledger@471ff4d5321b6b99a7965882d18f572a1adf5194:internal/boot/boot.go:693; ledger:pkg/config/config.go; reports/implementation/IMPLEMENTATION_SPEC_RECONCILIATION.md,ENV2_COMPOSE/docker-compose.yml,runtime_wiring,Unmeasured recurring cadence and queue semantics can hide delayed balance changes,Offline selectors passed; final clean boots and selected journal flows passed,Journal-driven non-merchant balance updates and recurring scheduler evidence
CFA,contacts/fund accounts/beneficiary dedupe,real,source-confirmed binary; engine equivalence unproven,MongoDB substitutes for production DocumentDB; local Mongo forwarding entrypoint and synthetic bank metadata,cfa@d488558e162c08e9fa04dff005f27d846ce88ad2; TWIN_SPEC/components.yaml:cfa; reports/implementation/BUILD_PROVENANCE.md,ENV2_COMPOSE/build/cfa-entry.sh; ENV2_COMPOSE/build/build-host.sh,runtime_wiring + synthetic_fixture,"DocumentDB compatibility, indexes and concurrency differences remain",Build and UID10001 public asset reads passed; final suite uses the real service with seeded fixture data,Independent contact/fund-account ownership/dedupe coverage and approved engine/index metadata
x-balances,account selection and Direct balance refresh,real,source-confirmed binary; selected bank family only,Real selected server/worker; synthetic balances and bank API; wider sub-balance/master families incomplete,x-balances@1a21c0f9111da14125d839dc0dfe8d980740f207; TWIN_SPEC/components.yaml:x_balances; reports/implementation/SCHEMA_COMPARISON.md,ENV2_COMPOSE/docker-compose.yml; ENV2_COMPOSE/seeds/generator/generate.py,runtime_wiring + synthetic_fixture,Unwired sub-balance schema and per-bank worker families are outside established scope,Final clean boots and replay19/20 reservation scenarios passed with exact reservation observations,Broader balance-refresh paths and approved sub-balance migration registration
Core datastores,MySQL/Postgres/Mongo/Redis persistence,representative,local engine execution only; deployed versions/topology unknown,"Real local engines; production versions, HA, storage, TLS, isolation and DocumentDB semantics not reproduced",TWIN_SPEC/components.yaml; TWIN_SPEC/configuration-manifest.yaml; reports/implementation/SCHEMA_COMPARISON.md,ENV2_COMPOSE/docker-compose.yml,runtime_wiring,"Local success cannot establish failover, isolation or managed-engine compatibility",Final clean boots and strict repeatable suite passed; full effective/deployed schema parity remains unproven,Schema-only engine/version/index evidence and selected failure-mode tests
LocalStack,SQS/SNS queues and journal delivery,substitute,representative AWS API compatibility,"Emulated SQS/SNS; production visibility timeouts, DLQ policy, IAM and redrive settings unknown",TWIN_SPEC/CODEX_HANDOFF.md:5; TWIN_SPEC/runtime-topology.yaml,ENV2_COMPOSE/seeds/localstack; ENV2_COMPOSE/docker-compose.yml,runtime_wiring + synthetic_fixture,"Emulator behavior can hide redelivery, ordering and IAM failures",Final selected queue-backed suite passed; production queue parity remains unproven,Approved queue settings and broader duplicate/redelivery/DLQ assertions
Kafka broker,FTS status and retry topics,real,real local broker; production broker topology not established,"Single local KRaft broker, plaintext inside isolated network, replication factor one",TWIN_SPEC/route-matrix.yaml:fts_status_propagation.kafka; reports/implementation/ROUTE_SOURCE_EVIDENCE.md,ENV2_COMPOSE/docker-compose.yml,runtime_wiring,No broker HA/security/retention parity claim,"Actual raw FTS consumption observed in retained Kafka runs; Direct passed, Shared failed before Ledger enqueue",Shared job registration/DTO gap and failure/reversal consumption evidence
Kong-lite,merchant Basic auth and RS256 passport,substitute,source-backed public merchant shape; limited edge fidelity,Synthetic key dictionary and signer; limited passport shape; no full Edge/AuthZ/impersonation/admin/identification-only behavior,TWIN_SPEC/substitute-contracts/kong-lite.md; edge:kong-plugins/kong-plugin-upstream-jwt/kong/plugins/upstream-jwt/access.lua:86-205,ENV2_COMPOSE/substitutes/kong-lite/server.py,substitute_fidelity + safety,"Bypassing full Edge plugins can hide key lifecycle, actor and policy errors",Replay19/20 authenticated creates and V20 negative cross-tenant fetch/cancel checks passed,Full Edge/AuthZ/passport/role/OTP policy coverage
Public API ingress,merchant API -> Edge -> monolith -> PS,representative,direct-diversion-shaped PS call only,Local Kong routes directly to Payouts; monolith create middleware and classic V1/V2 enrichment are absent,api@2d665f918b60e917ec92be648fb5816d247f72b1:app/Models/Payout/DirectToPayoutsServiceGate.php:59-136; TWIN_SPEC/route-matrix.yaml:public_api_create,ENV2_COMPOSE/substitutes/kong-lite/server.py,substitute_fidelity,Cannot generalize direct-shaped results to complete production public API ingress,Selected service ingress accepted in replay19/20; full real API monolith public ingress remains unimplemented,Separate source-backed monolith ingress implementation and middleware contract tests
Dashboard/BFF/AuthZ/OTP,dashboard payout creation and role enforcement,unknown,not implemented,"No dashboard session, OTP/Raven, role-policy or dashboard actor propagation implementation",TWIN_SPEC/route-matrix.yaml:dashboard_create; TWIN_SPEC/components.yaml:dashboard_bff,TWIN_SPEC/substitute-contracts/kong-lite.md,none_missing_scope,"Fixture passports do not prove OTP, role or maker-checker authorization",Not implemented,Explicit fake-login/OTP contract or isolated real service acceptance
Internal application ingress,payout_links/vendor_payments/xpayroll etc.,unknown,not implemented,Real Payouts routes exist but application passport allowlist/monolith internal ingress caller absent,payouts@4bf3dbf9239feadea6d65ca90c893a988e116173:internal/auth/headers.go:11-25; TWIN_SPEC/route-matrix.yaml:internal_app_create,TWIN_SPEC/route-matrix.yaml,none_missing_scope,Merchant API test results cannot establish application identity or internal routes,Not implemented,Application-shaped passport and actor propagation contracts
Batch/bulk caller,CSV bulk create and approve,unknown,Payouts bulk handler is real; caller family unimplemented,No Batch chunking/retry/idempotency driver or bulk approval ingress,TWIN_SPEC/substitute-contracts/batch-service.md; payouts@4bf3dbf9239feadea6d65ca90c893a988e116173:internal/app/payouts/bulkPayoutsProcessor,TWIN_SPEC/substitute-contracts/batch-service.md,none_missing_scope,Individual create tests do not cover item-level partial failure or bulk retries,Not implemented,Thin source-backed Batch driver and per-item idempotency evidence
Monolith create FTA,PS -> monolith create_fta -> FTS,representative,source-backed request/guard; durability remains representative,"Parameterized Payouts DB read, one-second timeout and retry; FTA locks/completed map/retries are process-local",api@2d665f918b60e917ec92be648fb5816d247f72b1:app/Models/Payout/Repository.php:5313; app/Models/Payout/Processor/Base.php:4687; reports/implementation/CONTRACT_FIXES.md,ENV2_COMPOSE/substitutes/monolith-stub/server.py,substitute_fidelity,"No durable API FTA transaction, production mutex or complete source-account submerchant semantics","Adapter tests, final boot20 golden and six route cases passed; final replay19/20 selected flows passed; all corresponding audits passed",Restart/retry durability or real API FTA implementation
Monolith status relay,FTS -> monolith details/status -> PS,substitute,source-confirmed adapter DTO/order; representative persistence,"Details then status relay, source-account metadata, no acknowledgement of failed downstream calls; no full durable FTA save",api@2d665f918b60e917ec92be648fb5816d247f72b1:app/Models/FundTransfer/Attempt/Core.php:487-560; app/Services/PayoutService/Status.php; reports/implementation/CONTRACT_FIXES.md,ENV2_COMPOSE/substitutes/monolith-stub/server.py,substitute_fidelity,Process-local terminal suppression and retry state differ from real durable API,"Final boot20 monolith golden/routes and retained mixed2 golden passed with actual details/status relay, balanced accounting and signed delivery; audits passed; narration regression retained","FTS request, ordered downstream calls, retry and final payout evidence"
Direct create + direct HTTP status,PS async worker -> FTS -> PS,real,source-confirmed selectors/DTO adapter and bounded audited route execution,Real branch selected by deterministic local profile and explicit synthetic Splitz IDs,payouts@4bf3dbf9239feadea6d65ca90c893a988e116173:internal/app/payouts/core.go:5931; pkg/fts/base.go:95; fts@2a09e763116db47a2f28553c677ad73ef8133ebf:internal/transfer/service.go:1138-1178; reports/implementation/ROUTE_SOURCE_EVIDENCE.md,ENV2_COMPOSE/config/routes.py,runtime_wiring + synthetic_fixture,Flag intent is not hop proof; queue-push failure can fall back to monolith,"profile-direct2/golden passed, including actual worker create response, transfer_meta.origin_service=payouts and direct FTS HTTP callback; audit passed.",Nonempty API savings vocabulary remains unsupported; production rollout settings remain unknown.
Direct create + legacy status,PS async worker -> FTS -> monolith -> PS,representative,source-confirmed selectors; representative monolith boundary,Separately selectable create/return paths; status persistence inherits monolith substitute limits,fts@2a09e763116db47a2f28553c677ad73ef8133ebf:internal/transfer/service.go:1147-1178; reports/implementation/ROUTE_SOURCE_EVIDENCE.md,ENV2_COMPOSE/config/routes.py; ENV2_COMPOSE/substitutes/monolith-stub/server.py,runtime_wiring + substitute_fidelity,Account type alone cannot identify transport route,profile-mixed2/golden passed with actual direct-create response and monolith status relay; no monolith create call; audit passed.,Durable full-monolith side effects and production route variants remain outside proven scope.
Kafka processed status,FTS raw producer map -> PS Kafka DTO,real,source-confirmed mismatch; successful accounting not established,Direct-account clean Kafka payout passes. Shared consumer cannot enqueue Ledger processing because Kafka bootstrap omits process-local job registration. Raw DTO also lacks expected internal account metadata; that later issue was not reached in the failed Shared run.,"payouts internal/boot/boot_kafka_consumer.go:29; internal/boot/handler.go:112,154; internal/worker/manager.go:186; internal/taskHandlers/fts_status_updates.go; fts internal/transfer/service.go; reports/implementation/KAFKA_ROUTE_EVIDENCE.md",ENV2_COMPOSE/config/routes.py,runtime_wiring; source_gap_preserved,Shared processed accounting may fail; translating injected payloads would falsely improve raw route fidelity,"profile-kafka2/direct-account passed; profile-kafka/golden Shared failed initiated/FTS PROCESSED, no processed journal or terminal receipt. Raw consumption and egress observed in both. Direct auxiliary dual-write still logs unregistered-job errors; prior Direct-after-Shared timeout remains inconclusive.",Upstream job-registration and DTO contract decisions; preserve current failed invariant in baseline.
Kafka failed/reversed status,FTS -> PS Kafka consumer terminal handling,real,source-confirmed drop behavior,Consumer returns nil for failed/reversed; consumed event need not change payout,payouts@4bf3dbf9239feadea6d65ca90c893a988e116173:internal/taskHandlers/fts_status_updates.go:57-62; reports/implementation/ROUTE_SOURCE_EVIDENCE.md,ENV2_COMPOSE/config/routes.py,source_gap_preserved,A consumed event is not a passed terminal-state scenario,Pinned source explicitly drops failed/reversed. No terminal convergence claim or injected repair is made; source gap remains visible.,Unmodified failed/reversed message observation and unchanged payout evidence
Mozart simulator,transfer_init/status/beneficiary/balance,representative,limited source-backed response examples; not gateway-equivalent,Explicit per-attempt scenarios and return_utr controls; gateway/version parsed then ignored; finite code catalog and in-memory poll state,TWIN_SPEC/substitute-contracts/mozart-sim.md; mozart:app/mock/mappings.go; reports/implementation/CONTRACT_FIXES.md,ENV2_COMPOSE/substitutes/mozart-sim/server.py,substitute_fidelity + synthetic_fault_control,"Can hide gateway/version schemas, bank-code classification gaps and restart/retry differences",Final-acceptance six bank cases passed with real FTS classifications and zero-egress audit; final replay19/20 held-response checks passed,Gateway/version-specific mapping and additional codes for real FTS classification buckets
Real Mozart mock mode,real gateway adapter -mock,unknown,not built in current admitted package,Private orchestrator/integrations-go/integrations-utils dependencies unavailable in prior build; built-in mock selector coverage also limited,"mozart@bf4688300d4896500fb9e9f422ee28d80d81b6e6:go.mod:28,54,55; reports/implementation/CONTRACT_FIXES.md",ENV2_COMPOSE/build/mozart.Dockerfile,none_blocked_dependency,Simulator must not be relabeled the real Mozart mock,Prior private-module access failure; no new build attempt,Approved dependency availability plus clean real-mock build and isolated contract comparison
Monolith dual-write and auxiliary sinks,dual_write/create_ledger/free_rollback/source-update,representative,selected response shape only,Corrected success/subscriber response shapes; several side effects remain log/sink or process-local state rather than durable API transactions,TWIN_SPEC/substitute-contracts/monolith-stub.md; reports/implementation/CONTRACT_FIXES.md,ENV2_COMPOSE/substitutes/monolith-stub/server.py,substitute_fidelity,"Acknowledgement cannot prove durable dual-write, reward-credit rollback or downstream consistency",Adapter tests passed; durable side effects unimplemented,Persisted source-backed API rows or explicitly scoped sink-only acceptance
Pricing and credits,monolith pricing/reward/free-payout counters,representative,source-backed request dimensions; synthetic policy values,Rule matching includes supported dimensions; legacy wildcard rules and local counters; no real Governor/ChargeCollections/Credits durability,TWIN_SPEC/substitute-contracts/dcs-splitz-pricing-shield.md; reports/implementation/CONTRACT_FIXES.md,ENV2_COMPOSE/substitutes/monolith-stub/server.py; ENV2_COMPOSE/substitutes/pricing-stub/server.py,substitute_fidelity + synthetic_fixture,Flat/wildcard fee assumptions and ephemeral counters can hide tariff or transaction errors,Adapter checks passed; I90 fee/source toggle acceptance pending,Per-mode exact fee/tax assertions and observed ChargeCollections source toggle
Queued balance mirror,Ledger truth -> API mirror -> balance event/cron,substitute,source-backed observable side effects; manual trigger is representative,"Authenticated arena control reads real Ledger truth, updates API balance/updated_at, emits real balance_ids event; not production queue consumer",payouts@4bf3dbf9239feadea6d65ca90c893a988e116173:internal/app/balance/repo.go:26-51; internal/routing/router/payout_internal_routes.go:52; reports/implementation/CONTRACT_FIXES.md; reports/implementation/VERIFIER_REPAIR_NOTES.md,ENV2_COMPOSE/substitutes/monolith-stub/server.py,substitute_fidelity + synthetic_control,Manual synchronization hides real queue ordering/latency; Direct must use x-balances,"Commit-before-event adapter test, final replay19/20 V24 top-up/cron and final-acceptance queued route passed",Production balance event consumer ordering/latency and durability
Splitz,merchant experiment evaluation,substitute,source-confirmed server-side response contract; rollout assignments ASSUMED,Payouts remote Evaluate; default off; FTS enabled=true variable; synthetic variants per generated merchant rather than production rollout state,"payouts@4bf3dbf9239feadea6d65ca90c893a988e116173:pkg/splitz/splitz.go:91-98,149-161; fts@2a09e763116db47a2f28553c677ad73ef8133ebf:internal/providers/splitz/splitz.go:248-256; reports/implementation/CONTRACT_FIXES.md",ENV2_COMPOSE/substitutes/splitz-stub/server.py; ENV2_COMPOSE/config/routes.py,substitute_fidelity + synthetic_fixture,Fixture assignments can force paths unrepresentative of current production segments,Three offline Splitz tests passed; observed toggle evidence pending,Evaluate calls and branch changes with explicit before/after synthetic assignments
DCS,merchant config/features protobuf KV,substitute,source-backed protobuf wire contract; deployment settings ASSUMED,Local login/KV substitute with per-arena values; clients patched to route locally,"TWIN_SPEC/substitute-contracts/dcs-splitz-pricing-shield.md; payouts@4bf3dbf9239feadea6d65ca90c893a988e116173:pkg/dcs/features/features.go:23,168; reports/implementation/CONTRACT_FIXES.md",ENV2_COMPOSE/substitutes/dcs-stub/server.py; ENV2_COMPOSE/build/arena-patches/README.md,substitute_fidelity + explicit_behavior_change,Cannot infer deployed feature values or cache/outage behavior from synthetic fixtures,DCS wire checks passed; final clean reservation-store readiness and V12/V13 scenarios passed,Live cache/outage behavior and explicit feature-positive versus feature-absent branch evidence
Shield,fraud allow/block/review and timeout,substitute,selected rule/response contract,Rule evaluator and configurable global latency; real model/data absent; requested per-request fault controls not established,TWIN_SPEC/substitute-contracts/dcs-splitz-pricing-shield.md; TWIN_SPEC/CODEX_HANDOFF.md:P1.6,ENV2_COMPOSE/substitutes/shield-stub/server.py,substitute_fidelity + synthetic_fixture,Rule fixtures and global timing may hide 200ms fail-open/request scoping differences,Replay19/20 V22 actual scoped delay hit and fail-open held dispatch passed,Additional block/deny/error policy outcomes
ASV merchant config,MerchantConfigViaAsvAndDcs path,unknown,unimplemented native gRPC contract,HTTP JSON stub does not implement account-service native gRPC; experiment kept off,TWIN_SPEC/components.yaml:asv; TWIN_SPEC/substitute-contracts/dcs-splitz-pricing-shield.md,ENV2_COMPOSE/substitutes/asv-stub/server.py,none_missing_protocol,Turning the gate on must fail visibly; off-state tests cannot prove ASV branch,Native gRPC not implemented,Source-backed gRPC mock or real ASV before enabling the experiment
Banking accounts,direct account detail lookup,representative,selected route only,Static synthetic account details; onboarding lifecycle and broader BAS routes absent,TWIN_SPEC/components.yaml:banking_accounts,ENV2_COMPOSE/substitutes/bankingaccounts-stub/server.py,synthetic_fixture,Static account state hides real onboarding and statement interactions,Selected seeded account paths accepted in final suite and retained route profiles,Broader per-route contract checks and separate onboarding scope
Stork capture + merchant receiver,terminal webhook delivery/HMAC,substitute,selected JSON contract and local delivery; no durable Stork parity,"JSON Twirp client patch, local HMAC delivery/capture and reorder support; full retry/disable crons/queue persistence not reproduced",TWIN_SPEC/substitute-contracts/stork-capture.md; reports/implementation/CONTRACT_FIXES.md,ENV2_COMPOSE/substitutes/stork-capture/server.py; ENV2_COMPOSE/substitutes/merchant-webhook-sink/server.py,substitute_fidelity + explicit_behavior_change,"Local synchronous delivery can hide durable retry, subscription disable and wire-format failures",Replay19/20 V21 exact signed details/terminal receipt and duplicate suppression passed; final boot20 golden and six route signed receipts passed,Durable retry/outage/disable/subscription lifecycle and native wire parity
Real Stork,delivery service build/bootstrap,unknown,source available; current build/runtime unverified,No isolated real Stork acceptance; source includes build and slit Compose; not proven infeasible,stork@800b719030aa5051c76630fa7c2020aa2a1f8348:go.mod; reports/implementation/CONTRACT_FIXES.md,TWIN_SPEC/substitute-contracts/stork-capture.md,none_unattempted_scope,Must not claim real Stork delivery/retry semantics from capture substitute,Not built or boot-verified in this workstream,Approved cached dependencies and isolated real service build/bootstrap
Workflow/Cadence,approval/rejection/expiry/callback state machine,unknown,real integration absent; source contract available,Workflow-applicable path points at loopback blackhole; no Cadence/Cassandra/config seeding/API/workers; API skip flag does not validate approvals,workflows@080d71a51b777c89af586c92ac4b5f683a473a7c; TWIN_SPEC/substitute-contracts/workflow-service.md,ENV2_COMPOSE/config/templates/base/payouts/arena.toml,none_missing_scope,Never replace missing approval with auto-approval; preserve source expiry/no-self-approval-check gaps,Not implemented/boot-verified; Cadence server version UNKNOWN,Approved server version and isolated real workflow stack or explicit source-faithful contract
XAS/BAS/reconciliation/ART,statement matching and repair,unknown,health sink / selected source routes only,"No statement ingestion, durable UTR matching, recon dispatcher or admin repair caller; PS/FTS routes existing in source do not establish flow",TWIN_SPEC/substitute-contracts/xas-recon-repair.md; reports/implementation/CONTRACT_FIXES.md,ENV2_COMPOSE/substitutes/xas-sink/server.py,none_missing_scope,"No claim of stuck-initiated, statement reconciliation or repair coverage",Not implemented,Source-backed statement fixtures and actual FTS ART/BAS route traces
UPS/VPA validation,UPI beneficiary name resolution,unknown,not implemented,No native UPS/payments-upi validation service; broader UPI-beneficiary flows outside scope,TWIN_SPEC/components.yaml:ups; TWIN_SPEC/substitute-contracts/dcs-splitz-pricing-shield.md,TWIN_SPEC/substitute-contracts/dcs-splitz-pricing-shield.md,none_missing_scope,Transfer UPI labels cannot establish beneficiary validation behavior,Not implemented,Minimal source-backed UPS contract before running UPI-beneficiary acceptance
Cron/FastCron,queued/scheduled/hold/reconcile/batch/fund management,representative,source-confirmed routes/DTOs; cadence ASSUMED,Eight local job routes with synthetic intervals and merchant targets; not actual FastCron production export,payouts@4bf3dbf9239feadea6d65ca90c893a988e116173:internal/routing/router/cron_routes.go; reports/implementation/CONTRACT_FIXES.md; TWIN_SPEC/CODEX_HANDOFF.md:P0.2,ENV2_COMPOSE/scripts/cron-driver/driver.py,runtime_wiring + synthetic_fixture,Accelerated schedules and direct triggers do not establish production liveness timing,Final startup real reconciliation/store-trust check and V24 explicit queued/scheduled cron cases passed,"Remaining cron job responses, recurring liveness and approved nonsecret cadence metadata"
API DB subset,Payouts legacy reads and mirror schema,representative,source-backed subset with explicit representative extensions,19-table subset; corrected plural names/keys; incomplete payout/contact/account models; features.name widened to255 for synthetic compatibility,api@2d665f918b60e917ec92be648fb5816d247f72b1:database/migrations/2016_10_24_081731_create_features_table.php; TWIN_SPEC/schema/apidb-subset.mysql.sql; reports/implementation/IMPLEMENTATION_SPEC_RECONCILIATION.md,ENV2_COMPOSE/seeds/mysql/apidb-ddl/00_init.sql; ENV2_COMPOSE/seeds/schema-patches/apidb.sql,substitute_fidelity + explicit_schema_extension,Subset and width extension can hide real query/schema rejection; not exact production DDL,Offline schema/constraint tests passed; effective clean schema pending,Schema-only SHOW CREATE TABLE and final startup inventory
Payout details/sub-balances schema gaps,beneficiary_bank_code and x-balances sub_balance,unknown,model types do not establish physical DDL,Payouts beneficiary_bank_code physical type and x-balances migration wiring not established; sibling API CHAR(4) is not service proof,reports/implementation/SCHEMA_COMPARISON.md; reports/implementation/IMPLEMENTATION_SPEC_RECONCILIATION.md,ENV2_COMPOSE/seeds/schema-patches/payouts.sql,representative_schema_patch,Invented type/default or unwired table can create false acceptance,Known evidence gap,Approved schema-only exports/revision and migration registration; no customer rows
Synthetic fixture compiler,per-verifier identities/balances/accounts/fees,representative,deterministic source-constrained fixtures; operational values ASSUMED,"Distinct generated namespaces, current epoch freshness, explicit source mappings and hashes; opening balances/fees/gates are artificial",reports/implementation/SYNTHETIC_DATA_IMPLEMENTATION.md; reports/implementation/IMPLEMENTATION_SPEC_RECONCILIATION.md,ENV2_COMPOSE/seeds/generator/generate.py,synthetic_fixture,"Fixture branches, large headroom and time acceleration can hide production distribution/timing",Replay19/20 each26/0/0; audits passed exit0/outside0; strict logical-replay-final.json passed with valid inputs and zero differences,Broader synthetic distributions and approved deployed metadata; no production-distribution claim
DCS URL source/module patch,all local DCS calls,real,explicit behavior-changing safety patch,Wrapper context override and goutils GetContextUrl fallback select ARENA_DCS_URL; original path retained when unset,ENV2_COMPOSE/build/arena-patches/README.md; reports/implementation/BUILD_PROVENANCE.md,ENV2_COMPOSE/build/apply-arena-patches.sh; ENV2_COMPOSE/build/arena-patches,explicit_behavior_change_safety,Hides production environment-to-endpoint resolution failures; local DCS reachability is intentionally different,Patch hashes recorded; builds passed,Retain patch diff/hash and disclose route override in every fidelity claim
Stork JSON source patch,Payouts -> Stork Twirp encoding,real,explicit behavior-changing transport patch,ARENA_STORK_JSON=1 selects JSON instead of Protobuf client; unset preserves original client,ENV2_COMPOSE/build/arena-patches/README.md; reports/implementation/BUILD_PROVENANCE.md,ENV2_COMPOSE/build/apply-arena-patches.sh,explicit_behavior_change_transport,Can hide Protobuf encoding/decoding incompatibility and native Stork behavior,Patch hash/build and selected JSON Twirp delivery/HMAC acceptance passed in final suite,Real/protobuf-capable Stork to remove patch and establish native wire parity
Fresh build admission and codegen,five service source copies,real,pinned source/checksum/build evidence; cold cache unproven,"Fresh Git HEAD archive, reviewed comment redaction, unused test-fixture exclusion, pinned RPC generation and RX migration materialization",reports/implementation/BUILD_PROVENANCE.md; ledger@471ff4d5321b6b99a7965882d18f572a1adf5194:build/docker/prod/Dockerfile.migration:58-60,ENV2_COMPOSE/build/prepare-repos.py; ENV2_COMPOSE/build/check-inputs.py,build_scoping + code_generation,Excluded fixtures and generated package selection must not be confused with byte-identical pristine trees,Five candidate builds and go mod verify passed; original clones unchanged,Cold-cache dependency rehearsal and other architecture build if needed
Runtime asset permissions,CFA/Payouts public IFSC JSON,real,identical asset hashes; configured UID readability proven,Explicit0644 public JSON and0755 dirs/binaries; source copies remain0600,reports/implementation/BUILD_PROVENANCE.md,ENV2_COMPOSE/build/build-host.sh,runtime_wiring,No content behavior change; fixes packaging-only read failure,Network-none configured-UID checks passed,Recheck asset inventory on any dependency/version update
Host ingress / generated secrets,loopback bridge and UID 10001 materialization,representative,local safety mechanism; not production topology,Same-origin loopback exec bridge; eight narrow generated volumes; local-only credentials and internal networks,reports/implementation/SAFETY_REVIEW.md,ENV2_COMPOSE/scripts/ingress.py; ENV2_COMPOSE/secrets/materialize.py; ENV2_COMPOSE/network/egress_audit.py,safety + runtime_wiring,Safety assertions require full-window egress and cleanup evidence; no production transport parity,Replay19/20 exact-window audits passed; actual timeout/SIGTERM owned-resource cleanup verified; reviewed same-boot endpoint/secret scan passed within documented scope,Live interrupted-workload cleanup observation where not separately evidenced
Dependency fault proxy / verifier controls,Ledger and downstream failure observation,representative,test instrumentation with explicit fault scope,Fault proxy or arena controls inject bounded delay/drop/error; some verifier nodes exercise adapter boundaries directly,reports/implementation/VERIFIER_REPAIR_NOTES.md,ENV2_COMPOSE/substitutes/ledger-gate/server.py; ENV2_COMPOSE/verifier,test_instrumentation,Injected callback DTO or control is not proof that a real bank/queue produced it,Replay19/20 actual scoped fault hits and selected ordering/recovery checks passed,Untested fault/retry combinations; retain adapter-boundary versus bank-route classification
Remote Daytona execution,isolated upload/run/cleanup,unknown,package dry-run/failure tests only,"No remote resource, upload, observed allocation or remote acceptance; company authorization and local acceptance remain prerequisites",reports/implementation/DAYTONA_RUN_REPORT.md,DAYTONA,deployment_packaging,"Local adapter tests cannot establish SDK compatibility, nested Docker or remote deletion",Not run remotely; 12 local package tests passed; final unapproved dry run exit0 with zero API calls,"Resolve Shared Kafka/inconclusive timeout acceptance blockers; exact approved transfer manifest, supported SDK/snapshot and verified remote deletion"
Migration runtime staging,per-service migration file reads,real,admitted source hashes unchanged; configured UID 10001 readability proven,Only admitted Go/SQL migration assets exposed through per-service read-only binds; stage files 0444/directories 0755 under private 0700 root; source stays 0600,reports/implementation/BUILD_PROVENANCE.md; reports/implementation/migration-readability-verification.json,ENV2_COMPOSE/build/configure-local.py,runtime_wiring + build_hygiene,No intended schema/content behavior change; full platform startup still requires acceptance,118 files read/hash-verified by four configured-user network-none containers; all test containers removed; six helper tests pass,Explicit fresh configure/start using passed provenance; no active path mutation performed
Beneficiary savings vocabulary,Direct Payouts to FTS,real,Source-confirmed contract limitation; bounded runtime reproduction,API savings is forwarded unchanged while FTS expects saving. Shared baseline uses API-valid null and existing Payouts saving default; nonempty savings remains unsupported by this observed path.,api app/Models/BankAccount/AccountType.php; payouts pkg/fts/transfer_init_create.go:399; fts bank account validator; reports/implementation/CONTRACT_FIXES.md,ENV2_COMPOSE/seeds/monolith/fund_accounts.json; ENV2_COMPOSE/seeds/generator/test_generate.py,synthetic fixture,Nullable baseline does not exercise the incompatible nonempty savings value; original failed direct run is retained.,profile-direct/golden fails400; profile-direct2/golden passes with null baseline,Approved product fix or contract decision for nonempty savings; no automatic core patch
Asynchronous updated-event payload,Merchant webhook publication,real,Source-confirmed and observed across clean replays,Event name is selected from captured event while payload/status details are built later from a mutable payout object; payout.updated can contain processing or processed state.,"payouts internal/app/payouts/webhooks.go:20,38,70,80; reports/implementation/LOGICAL_REPLAY_REVIEW.md",ENV2_COMPOSE/verifier/verifiers/test_v21_webhook_completeness.py,verifier correction,Ordered stimuli and merchant/payout-scoped receipt reads bound the selected verifier; unconstrained source race remains visible in full capture and is not repaired.,Earlier V13 global payload-state differences retained; scoped/ordered V21 checks and final replay19/20 strict comparison passed,Product decision for immutable event snapshots; full global capture remains available
Processed Ledger journal verifier wait,Shared asynchronous processed accounting observation,representative,Source-backed one-retry observation bound; no product SLA claim,50-second wait equals configured 30-second worker retry plus original 20-second settlement allowance; exact journal checks preserved,"payouts:internal/app/payouts/core.go:1479,2589; asyncFailureHandlingHelper.go:119; pkg/worker/manager.go:254; pkg/worker/config.go:11; reports/implementation/runs/replay7/v6-retry-observation.json",ENV2_COMPOSE/verifier/helpers/payouts_flow.py:wait_for_processed_journal; V6 and three scenario runners,verifier_correction,Changes bounded observation only; does not repair or trigger accounting and does not assert retry occurred in every run,Three bounded/config tests passed; replay19/20 exact journal checks and strict comparison passed; replay7 failed deadline/recovery retained,Broader retry/SLA policy; no assertion that every successful run retried
Reservation startup semantic readiness,Direct in-flight reservation store bootstrap,representative,Source-backed real reconciliation plus API trust observation; production cadence not reproduced,"After core health and Ledger initialization, invoke actual reservation cron once and read store_trusted from real API; normal cadence unchanged","payouts:inflight_reservation_reconciler.go:51-56,97-101,210-233; reservation/store.go:447; queueingstrategy/reservation_gate.go:235; reports/implementation/runs/replay8/bootstrap-trust.log",ENV2_COMPOSE/scripts/up.sh; ENV2_COMPOSE/scripts/cron-driver/driver.py --once; ENV2_COMPOSE/scripts/reservation-readiness.py,runtime_wiring,No heartbeat or payout DB write; existing monolith credential used; source post-flush enumeration gap remains,Replay19/20 clean startup and reservation assertions passed; replay8 original24/2 failure retained,Source post-flush reconstruction gap and recurring production cadence
V24 scoped cron and FTS details completion,Queued and scheduled dequeue observation,representative,Source-backed fixture selection and complete held dispatch observation,Own balance_ids request; source low-balance helper unions global queued DB/cache balances so exclusive scope is not guaranteed; IMPS avoids NEFT calendar; observe actual FTS details/channel,payouts:internal/app/dtos/payoutCronRequests.go:5-7; internal/app/dtos/process_queued_payouts_initiate_request.go:7-9; reports/implementation/logical-replay-replay9-10.json; reports/implementation/VERIFIER_REPAIR_NOTES.md,ENV2_COMPOSE/verifier/verifiers/test_v24_cron_dequeue.py,verifier_correction + synthetic_fixture,Expresses requested scope and waits for actual dispatch; low-balance source expands scope; no service/comparator change or removal of material observations,Replay19/20 V24 cases and strict comparison passed; earlier V24 differences and source global-balance expansion retained,Production queue/cadence breadth; source scope expansion is not repaired
V21 merchant and payout receipt observation,Merchant webhook delivery and duplicate suppression,representative,Read-only evidence scope checked independently; real publication and signatures unchanged,Optional merchant AND payout_id filters select owned receipts; unfiltered endpoint and append-only log retain all deliveries; duplicate rows are not collapsed,"reports/implementation/sink-scoping-check.json; payouts internal/app/payouts/webhooks.go:20,38,70,80",ENV2_COMPOSE/substitutes/merchant-webhook-sink/server.py:81-91; ENV2_COMPOSE/verifier/verifiers/test_v21_webhook_completeness.py,substitute_observation + verifier_correction,"Narrows scenario evidence to owned events without changing delivery, capture, duplicate suppression, signature verification or material state fields; other merchants remain in global evidence",Four sink-scope checks passed; replay19/20 V21 and strict comparison passed; full capture and duplicate multiplicity preserved,Broader webhook lifecycle; no global payload-race repair claim
V14 and V22 actual FTS handoff completion,State transition and Shield fail-open observation,representative,Observes real cross-service transfer metadata before scenario snapshot,"After immediate invariant checks, observe actual persisted held-bank response, FTS INITIATED and Payouts initiated with matching transfer ID/channel before V14 logs and V22 fault cleanup",ENV2_COMPOSE/verifier/verifiers/test_v14_state_machine_legality.py; ENV2_COMPOSE/verifier/verifiers/test_v22_shield_fail_open.py; reports/implementation/VERIFIER_REPAIR_NOTES.md,ENV2_COMPOSE/verifier/helpers/payouts_flow.py:wait_for_held_handoff; V14/V22 explicit scenario calls,verifier_correction,"Waits for an asynchronous callback already in flight; no terminal event injection, product state change, transition weakening or field normalization",Replay19/20 passed with actual held bank response and matching FTS transfer/channel; strict comparison passed,Broader transition/policy coverage beyond selected held scenarios
Complete held-bank dispatch before verifier cleanup,Held Payouts/FTS fixtures and ordered adapter stimuli,representative,Source-backed scoped persistence observation; final clean suites and strict comparison passed,"Await FTS INITIATED attempt and bank response code with positive acknowledged_at, then transfer INITIATED and Payouts matching ID/channel; source SetDefaults means positive timestamp alone is insufficient","fts internal/transfer/attempt_processor.go:623-681; internal/transfer/attempt.go:122-133; ENV2_COMPOSE/substitutes/mozart-sim/server.py:53-75,174-175; reports/implementation/VERIFIER_REPAIR_NOTES.md","ENV2_COMPOSE/verifier/helpers/payouts_flow.py:wait_for_held_fts_transfer,wait_for_held_handoff; explicit V1,V2,V3,V5,V11,V12,V13,V14,V16,V17,V19,V21,V22,V24 calls",verifier_correction,"Preserves immediate balance/reservation/accounting assertions and material fields; repeated requests, injections and drop controls follow actual held dispatch; no bank rule or product callback fabricated","Four bounded helper checks and both replay19/20 full suites passed, including Shared and Direct held dispatch; strict comparison passed",Maintain completion checks when adding held fixtures; broader bank/channel semantics remain separate
Current-boot audit readers,Source/image/config/log/volume evidence,representative,Bounded scanner and logical-read evidence with explicit exclusions,Unused-volume reader uses actual UID10001 and fails on enumeration errors; diagnostic URLs and Machinery IDs require source/context/field proof,reports/implementation/SECRET_AND_ENDPOINT_AUDIT.md; FTS Machinery v1.9.1 tasks/state.go and backends/redis/redis.go,ENV2_COMPOSE/preflight/audits,safety_patch + verifier_correction,"Known-value classification is not proof of arbitrary secret absence; unreadable, rotated, physical and encoded surfaces remain excluded",Reviewed boot20 capture passed with zero unresolved findings and stable identities; six offline boundary tests passed; first blocked capture preserved,Expand scanning only with explicit additional surface/encoding evidence; refresh after new boots/workloads
Ledger transport gate header passthrough (DEV-001),payouts->Ledger journal create/idempotency,substitute,"source-confirmed header contract; forwarding proven offline, not yet re-observed in a boot","The gate previously forwarded a five-name allow-list and dropped idempotency-key, Request-ID, Trace-ID, Country-Code, Ledger-Integration-Mode and Accept; it now forwards every inbound header except hop-by-hop/transport (host, content-length, connection, transfer-encoding, keep-alive, te, trailer, trailers, upgrade, accept-encoding, proxy-*). Production has no proxy on this leg at all","ledger-sdk/common/constant.go:39-54; ledger-sdk/ledger/journal/core.go:105-107,120-124,249-251,255-259; ledger/pkg/idempotency/hooks.go:17; ledger/pkg/idempotency/interceptor.go:115-118; ENV2_COMPOSE/config/declared-deviations.yaml:DEV-001",ENV2_COMPOSE/substitutes/ledger-gate/server.py:forward_headers; ENV2_COMPOSE/substitutes/ledger-gate/CONTRACT.md; ENV2_COMPOSE/substitutes/ledger-gate/test_contract.py,substitute_fidelity + explicit_behavior_change,"Restores a production control the twin had silently removed: with the key dropped, isIdempotencyNotRequired short-circuited and Ledger never consulted the idempotency table on the payouts leg, so every duplicate-journal result (I03, V04) measured one fewer defence than production while FTS and the monolith kept it. Fault injection (delay/drop/status via /_arena/faults) is unchanged and still runs in the shared dispatcher before forwarding","Six offline contract tests pass (python3 -m unittest, no container, no network); the same tests fail against the previous allow-list, so they are non-vacuous. No boot has yet re-observed the header on the wire",Re-run the two from-empty replays and confirm ledger idempotency rows are created for payouts-originated journal creates; re-express V04 against the restored layer
Ledger mutex lease (DEV-002),Ledger journal create concurrency,real,source-confirmed production value; effect not executable while ledger workers are single-threaded,"Arena carried mutex.ttl 500 ms, the upstream default, against the production 60000 ms - a 120x shorter lease on the journal/idempotency mutex. Now aligned to 60000",ledger/config/prod-live.toml:326; ENV2_COMPOSE/config/declared-deviations.yaml:DEV-002,ENV2_COMPOSE/config/templates/base/ledger/arena.toml [mutex].ttl (generated/ is rebuilt by scripts/up.sh step 2/8),runtime_wiring,"Removes a concurrency deviation that biased the twin toward duplicate journals production would suppress; stacked on DEV-001 it left ledger with no effective duplicate-suppression on the payouts leg. Related keys splitAccount.mutexTTL (10 vs 20) and mutex.mutex.scope (ledger:mutex: vs ledger-live:mutex:) still differ and are declared, not changed","Config-level change confirmed against prod-live; not exercised, because LEDGER_WORKER_MAXCONCURRENCY is 1 on all five workers so no concurrent journal create occurs in a normal boot","A bounded concurrency probe issuing parallel journal creates for one idempotency key, run once with the restored lease"
Payouts idempotency-key auto enforcement (DEV-003),create/idempotency,real,source-confirmed production value,"Arena inherited features.ikey_auto_enforcement false from the upstream default; production sets true, so the twin exercised the opt-in idempotency path rather than the enforced one",payouts/config/prod.toml:664; ENV2_COMPOSE/config/declared-deviations.yaml:DEV-003,ENV2_COMPOSE/config/templates/base/payouts/arena.toml [features].ikey_auto_enforcement,runtime_wiring,A request production would reject for a missing or duplicate idempotency key was accepted by the twin; V01 and V02 were measuring the wrong path,Config-level change confirmed against prod.toml; V01/V02 must be re-run and their expectations re-checked against the enforced path,Replay V01/V02 under enforcement and add a case for the missing-key rejection production performs
Payouts bank error-code mapping assets (DEV-004),failure_reason/status_details surface,real,source-confirmed production image contents; mapping not yet re-observed in a boot,"build-host.sh staged only the IFSC dataset, so /app/files was absent in the running container while all three production payouts images COPY /src/files/ to /app/files/. The error-mapping files are now staged","payouts/build/docker/prod/Dockerfile.api; payouts/internal/helpers/read_file.go:12,22-25,37-40; payouts/internal/app/payoutStatusDetails/statusProcessor.go:112; payouts/internal/app/payouts/payout_error.go:63; ENV2_COMPOSE/config/declared-deviations.yaml:DEV-004",ENV2_COMPOSE/build/build-host.sh stage_assets_payouts,deployment_packaging,"ReadErrorFile returns nil with no error when the file is missing, so every bank error-code to public failure_reason and description mapping silently degraded to the fallback. Any verifier asserting a specific failure_reason was measuring the fallback, not the production mapping",Staging change made; not yet re-observed. Requires a rebuild plus one bank-failure case to confirm a mapped (non-fallback) failure_reason,"One bank-failure payout per mapped code, asserting the mapped description rather than the fallback"
Payouts Kafka producer brokers (DEV-005),Kafka FTS status update / failed-message republish,real,root cause reproduced and explained in a retained run,"arena.toml carried the upstream placeholder Brokers [broker:9092, broker1:9092]; neither is a compose service name, and the only broker in the arena is kafka. Now [kafka:9092]. Production uses prod-noncde-kafka.razorpay.com:9090",payouts/config/prod.toml:353; reports/implementation/runs/claude-audit-kafka-repro-20260905T152544Z/NOTES.md; reports/claude-review/TWIN_V1_AUDIT_AND_NEXT_STEP.md section 3.7; ENV2_COMPOSE/config/declared-deviations.yaml:DEV-005,ENV2_COMPOSE/config/templates/base/payouts/arena.toml [kafka_producer].Brokers,runtime_wiring,"This was a wiring defect, not a fidelity choice. The two Kafka consumers correctly used kafka:9092, but the producer did not resolve, so when a consumed message failed and the consumer tried to republish it to the retry topic the vendored library dereferenced a nil producer and the process exited unrecovered. With no restart policy (DEV-007) the consumer stayed dead, which is exactly the historical inconclusive Direct-after-Shared timeout: a crashed consumer read as a product timeout",Reproduced in the retained audit run; the fix itself is not yet re-observed under the kafka profile,"Kafka-profile rerun: Shared golden still fails at the Ledger enqueue (source-faithful), consumer container stays running with restarts 0, Direct-after-Shared passes, and the retry topic receives the republished Shared message"
FTS payouts-webhook timeout (DEV-006),FTS->Payouts transfer_status_webhook,real,source-confirmed production value,routes.py hard-coded payouts_service.update_fts_fund_transfer.TIMEOUT to 10 seconds against the production 300,fts/config/env.prod-live.toml:271; fts/internal/transfer/service.go:1252; ENV2_COMPOSE/config/declared-deviations.yaml:DEV-006,ENV2_COMPOSE/config/routes.py:53,runtime_wiring,"FTS retries on every non-2xx, so a 10-300 s payouts response production tolerates became a timeout and a scheduled retry. This inverted a production behaviour - slow-but-successful became retried-and-duplicated - and manufactured duplicate callbacks the real system would not send",Config-level change confirmed against env.prod-live.toml; the retry/duplicate-callback behaviour has not been re-measured under the aligned timeout,One slow-webhook case (payouts response between 10 s and 300 s) asserting exactly one FTS callback rather than a retry
Kafka consumer restart policy (DEV-007),container lifecycle / route liveness,representative,"deployed value read from the retained drift report; twin policy is compose-level, not Kubernetes","No container in the arena declared a restart policy and the consumer healthcheck is a pgrep, so a crashed consumer stayed dead. restart: on-failure is now set on both Kafka consumers. This is a representative approximation of Kubernetes restartPolicy Always, not an equivalent (no probe-driven restart, no backoff parity, no replica count)","devstack-prod-parity/reports/batch8/drift-check-20260703.html via reports/claude-review/TWIN_V1_AUDIT_AND_NEXT_STEP.md:133 (namespace payouts, application prod-payouts, revision 418, live replicas 3, restartPolicy Always, HTTP liveness and readiness probes); kube-manifests/templates/payouts/templates/payouts-kafka-fts-status-updates-consumer.yaml; ENV2_COMPOSE/config/declared-deviations.yaml:DEV-007",ENV2_COMPOSE/docker-compose.yml payouts kafka consumer services,deployment_packaging,"Without it a transient crash became a permanent silent route outage - the mechanism that turned DEV-005 into an unexplained timeout. The remaining gap is declared: the twin has one replica per consumer against three live in production, and pgrep is a weaker liveness signal than an HTTP probe",Policy set in compose; not yet observed restarting a crashed consumer,Kafka-profile rerun recording docker inspect restart count for both consumers across the Shared failure
Mozart circuit-breaker timeout (DEV-012),bank gateway execution/timeout,real,source-confirmed production value; deviation retained deliberately,"arena.toml sets mozart.httpclient.resiliency.circuitbreakertimeout 220000 against the production 10000, 22x looser. NOT changed in milestone 1: the twin 30 s gateway-timeout bank case depends on the loosened breaker, so aligning it requires re-expressing that case",payouts/config/prod.toml:248; ENV2_COMPOSE/config/declared-deviations.yaml:DEV-012,ENV2_COMPOSE/config/templates/base/payouts/arena.toml [mozart.httpclient.resiliency].circuitbreakertimeout,explicit_behavior_change_transport,"Hides the production bank-gateway timeout failure mode entirely: latency production cuts off at 10 s is tolerated for 220 s. That is the exact failure class a payouts twin exists to study, so no breaker or resiliency finding on the mozart leg is production-representative. The related account_service breaker runs the other way (1000 against a production 10000, prod.toml:687) and manufactures false breaker trips","Declared, not fixed. Current bank cases pass under the loosened breaker and the 30 s gateway-timeout case relies on it","Re-express the gateway-timeout bank case against a 10000 ms breaker, then align both mozart and account_service and re-run the bank six"
Monolith-side Kafka status consumer (DEV-150),Kafka FTS status update - monolith-created FTAs,unknown,deployed presence and handler confirmed from source and values; not modelled in the twin,"Production runs a second consumer of rx-fts-status-update-events inside the api monolith, under its own consumer group, whose handler calls the same FtaService::updateFundTransferAttempt the HTTP relay uses. The twin models neither that consumer nor the asymmetry it creates","api/app/Services/Kafka/Consumers/FtsStatusUpdateConsumer/Consumer.php:67-108 (handle() calls FtaService::updateFundTransferAttempt, republishing to the retry topic on any Throwable); api/app/Services/Kafka/Consumers/FtsStatusUpdateConsumer/Config.php; kube-manifests/cde/api/values.yaml:315 (api_kafka_fts_status_update_consumer_replicas: 8); reports/implementation/KAFKA_ROUTE_EVIDENCE.md; ENV2_COMPOSE/config/declared-deviations.yaml:DEV-150",Not implemented. ENV2_COMPOSE/substitutes/monolith-stub/server.py serves HTTP and relays over HTTP only,none_missing_scope,"For a transfer whose FTA row was created by the monolith, production has a second path that relays status to Payouts over HTTP, where the DTO adapter exists, so the Kafka DTO gap is compensated. For a transfer created directly by Payouts (X-Origin payouts) the monolith holds no FTA row and cannot compensate. The twin kafka profile combines PS-direct create with Kafka status - precisely the uncompensated combination - so the Shared Kafka failure it records is the worst case, not the typical one. Any generalisation from the twin Kafka evidence to production must carry this asymmetry",Declared exclusion. Not implemented and not verified; whether the uncompensated combination is enabled for any real merchant is OWNER QUESTION Q2,"A monolith-stub Kafka consumer under its own group plus a monolith-created-FTA fixture, or an owner answer to Q2 confirming the combination is unreachable in production"
